LINE_ID,ID,DIST,DIST_SURF,X,Y,Z
"0","1",0.0000000000,0.0000000000,-73.8853616510,7.4160688282,61.0000000000
"0","2",0.0004513434,0.0004513434,-73.8852765120,7.4165120688,61.0000000000
"0","3",0.0009227262,0.0009227262,-73.8852765120,7.4160406859,61.0000000000
"0","4",0.0000000000,0.0000000000,-73.8895547470,7.4174548329,60.0000000000
"0","5",0.0043883915,1.0000096289,-73.8853880800,7.4160775643,61.0000000000
"0","6",0.0044162274,1.0000374648,-73.8853616510,7.4160688282,61.0000000000
"0","7",0.0086590626,3.0000419652,-73.8861619880,7.4119021615,59.0000000000
"0","8",0.0129018978,4.0000509660,-73.8869623250,7.4077354948,60.0000000000
"0","9",0.0140449908,4.0011940590,-73.8871779500,7.4066129229,60.0000000000
"0","10",0.0187682488,6.0011996363,-73.8894023720,7.4024462562,62.0000000000
"0","11",0.0231292409,7.0012091454,-73.8914561850,7.3985991658,63.0000000000
"0","12",0.0272959075,8.0012178259,-73.8914561850,7.3944324991,62.0000000000
"0","13",0.0314625742,10.0012221660,-73.8914561850,7.3902658324,60.0000000000
"0","14",0.0344430281,10.0042026200,-73.8914561850,7.3872853786,60.0000000000
"0","15",0.0387058536,11.0042117060,-73.8923565020,7.3831187119,61.0000000000
"0","16",0.0429686791,14.0042147340,-73.8932568180,7.3789520452,64.0000000000
"0","17",0.0472315046,15.0042238200,-73.8941571350,7.3747853786,63.0000000000
"0","18",0.0479474388,15.0049397540,-73.8943083420,7.3740855941,63.0000000000
"0","19",0.0524299769,16.0049498010,-73.8984750080,7.3724327066,64.0000000000
"0","20",0.0556183796,17.0049548840,-73.9014387330,7.3712570176,63.0000000000
"0","21",0.0597958392,17.0091323440,-73.9011386360,7.3670903509,63.0000000000
"0","22",0.0622355579,18.0091353200,-73.9009633740,7.3646569356,62.0000000000
"0","23",0.0665919057,18.0134916680,-73.9051300410,7.3633854580,62.0000000000
"0","24",0.0686965510,18.0155963130,-73.9071430470,7.3627711798,62.0000000000
"0","25",0.0729106039,18.0198103660,-73.9077732300,7.3586045131,62.0000000000
"0","26",0.0771246568,19.0198192450,-73.9084034120,7.3544378465,63.0000000000
"0","27",0.0813387096,21.0198236840,-73.9090335950,7.3502711798,65.0000000000
"0","28",0.0855527625,22.0198325630,-73.9096637780,7.3461045131,64.0000000000
"0","29",0.0877690156,22.0220488170,-73.9099952040,7.3439131813,64.0000000000
"0","30",0.0921574776,24.0220536310,-73.9141618700,7.3452906747,62.0000000000
"0","31",0.0922749849,24.0221711390,-73.9142734390,7.3453275590,62.0000000000
"0","32",0.0966110977,24.0265072510,-73.9154737560,7.3411608923,62.0000000000
"0","33",0.0991438741,24.0290400280,-73.9161748770,7.3387270914,62.0000000000
"0","34",0.1037518757,27.0290435670,-73.9203415430,7.3367592073,59.0000000000
"0","35",0.1083598773,27.0336515680,-73.9245082100,7.3347913232,59.0000000000
"0","36",0.1101837781,32.0336519010,-73.9261574250,7.3340124118,64.0000000000
"0","37",0.1133517409,32.0368198640,-73.9275835030,7.3311835800,64.0000000000
"0","38",0.1175222799,34.0368242120,-73.9317501700,7.3310039014,66.0000000000
"0","39",0.1216928189,36.0368285600,-73.9359168370,7.3308242227,64.0000000000
"0","40",0.1258633579,36.0409990990,-73.9400835030,7.3306445440,64.0000000000
"0","41",0.1300338969,36.0451696380,-73.9442501700,7.3304648654,64.0000000000
"0","42",0.1342044359,37.0451783350,-73.9484168370,7.3302851867,65.0000000000
"0","43",0.1352385977,37.0462124970,-73.9494500380,7.3302406321,65.0000000000
"0","44",0.1394227308,37.0503966300,-73.9498319520,7.3344072988,65.0000000000
"0","45",0.1436068638,40.0503995480,-73.9502138660,7.3385739654,62.0000000000
"0","46",0.1456543949,40.0524470790,-73.9504007570,7.3406129493,62.0000000000
"0","47",0.1505629684,41.0524591260,-73.9462340910,7.3432077485,61.0000000000
"0","48",0.1554715420,41.0573676990,-73.9420674240,7.3458025477,61.0000000000
"0","49",0.1603801155,45.0573707110,-73.9379007570,7.3483973470,65.0000000000
"0","50",0.1652886890,46.0573827580,-73.9337340910,7.3509921462,64.0000000000
"0","51",0.1697344311,47.0573926400,-73.9299603010,7.3533422807,63.0000000000
"0","52",0.1746595437,49.0573987050,-73.9273343490,7.3575089474,65.0000000000
"0","53",0.1795846563,49.0623238170,-73.9247083970,7.3616756140,65.0000000000
"0","54",0.1845097689,52.0623278600,-73.9220824450,7.3658422807,62.0000000000
"0","55",0.1894348815,56.0623308920,-73.9194564930,7.3700089474,66.0000000000
"0","56",0.1943599941,60.0623339240,-73.9168305420,7.3741756140,62.0000000000
"0","57",0.1992851067,61.0623460520,-73.9142045900,7.3783422807,61.0000000000
"0","58",0.2042102193,61.0672711650,-73.9115786380,7.3825089474,61.0000000000
"0","59",0.2091353319,62.0672832930,-73.9089526860,7.3866756140,62.0000000000
"0","60",0.2140604445,63.0672954220,-73.9063267340,7.3908422807,61.0000000000
"0","61",0.2189855571,63.0722205340,-73.9037007820,7.3950089474,61.0000000000
"0","62",0.2239106697,64.0722326630,-73.9010748310,7.3991756140,60.0000000000
"0","63",0.2288357823,65.0722447910,-73.8984488790,7.4033422807,61.0000000000
"0","64",0.2337608949,65.0771699030,-73.8958229270,7.4075089474,61.0000000000
"0","65",0.2386860075,66.0771820320,-73.8931969750,7.4116756140,60.0000000000
"0","66",0.2436111201,67.0771941600,-73.8905710230,7.4158422807,61.0000000000
"1","67",0.0000000000,0.0000000000,-73.9019140930,7.0817050558,71.0000000000
"1","68",0.0055235508,1.0000152547,-73.8982880070,7.0775383892,70.0000000000
"1","69",0.0110471015,1.0055388054,-73.8946619200,7.0733717225,70.0000000000
"1","70",0.0165706523,3.0055464328,-73.8910358340,7.0692050558,68.0000000000
"1","71",0.0206370307,3.0096128113,-73.8883663480,7.0661376008,68.0000000000
"1","72",0.0252238420,3.0141996226,-73.8902840880,7.0619709341,68.0000000000
"1","73",0.0298106534,8.0142017265,-73.8922018290,7.0578042675,73.0000000000
"1","74",0.0343974647,10.0142069860,-73.8941195690,7.0536376008,71.0000000000
"1","75",0.0389842760,11.0142175060,-73.8960373090,7.0494709341,70.0000000000
"1","76",0.0435710874,12.0142280250,-73.8979550490,7.0453042675,69.0000000000
"1","77",0.0481578987,12.0188148360,-73.8998727890,7.0411376008,69.0000000000
"1","78",0.0527447100,12.0234016480,-73.9017905290,7.0369709341,69.0000000000
"1","79",0.0573315213,14.0234069070,-73.9037082690,7.0328042675,71.0000000000
"1","80",0.0619183327,16.0234121670,-73.9056260090,7.0286376008,69.0000000000
"1","81",0.0665051440,19.0234156730,-73.9075437490,7.0244709341,72.0000000000
"1","82",0.0710919553,21.0234209330,-73.9094614890,7.0203042675,70.0000000000
"1","83",0.0756787666,22.0234314530,-73.9113792290,7.0161376008,69.0000000000
"1","84",0.0802655780,22.0280182640,-73.9132969700,7.0119709341,69.0000000000
"1","85",0.0837380319,22.0314907180,-73.9147487980,7.0088165515,69.0000000000
"1","86",0.0880546524,26.0314930470,-73.9189154650,7.0076886769,73.0000000000
"1","87",0.0918637395,27.0315003010,-73.9225922290,7.0066934139,74.0000000000
"1","88",0.0963236820,30.0315036170,-73.9267588960,7.0082840039,77.0000000000
"1","89",0.1007836246,32.0315085890,-73.9309255630,7.0098745938,79.0000000000
"1","90",0.1017856945,32.0325106590,-73.9318617390,7.0102319712,79.0000000000
"1","91",0.1062154334,36.0325131120,-73.9360284050,7.0117357914,75.0000000000
"1","92",0.1101243388,40.0325150220,-73.9397051700,7.0130627976,71.0000000000
"1","93",0.1143084474,41.0325237750,-73.9393235230,7.0172294643,72.0000000000
"1","94",0.1179416101,41.0361569380,-73.9389921300,7.0208474817,72.0000000000
"1","95",0.1226579423,43.0361624990,-73.9367824520,7.0250141484,70.0000000000
"1","96",0.1273742744,43.0408788310,-73.9345727740,7.0291808150,70.0000000000
"1","97",0.1320906066,44.0408899530,-73.9323630960,7.0333474817,71.0000000000
"1","98",0.1368069388,47.0408936600,-73.9301534170,7.0375141484,68.0000000000
"1","99",0.1415232710,49.0408992210,-73.9279437390,7.0416808150,66.0000000000
"1","100",0.1462396031,50.0409103430,-73.9257340610,7.0458474817,65.0000000000
"1","101",0.1509559353,50.0456266750,-73.9235243820,7.0500141484,65.0000000000
"1","102",0.1556722675,51.0456377970,-73.9213147040,7.0541808150,66.0000000000
"1","103",0.1603885997,53.0456433580,-73.9191050260,7.0583474817,68.0000000000
"1","104",0.1651049319,54.0456544800,-73.9168953480,7.0625141484,67.0000000000
"1","105",0.1698212640,57.0456581870,-73.9146856690,7.0666808150,70.0000000000
"1","106",0.1745375962,59.0456637480,-73.9124759910,7.0708474817,72.0000000000
"1","107",0.1788179770,59.0499441290,-73.9104705630,7.0746290050,72.0000000000
"1","108",0.1842248592,60.0499587460,-73.9063038960,7.0780747653,73.0000000000
"1","109",0.1896317414,62.0499660550,-73.9021372300,7.0815205256,71.0000000000
"2","110",0.0000000000,0.0000000000,-73.4626111110,7.4046161936,106.0000000000
"2","111",0.0058457361,0.0058457361,-73.4585109250,7.4004495269,106.0000000000
"2","112",0.0116914722,3.0058514315,-73.4544107400,7.3962828602,109.0000000000
"2","113",0.0175372083,14.0058529850,-73.4503105550,7.3921161936,120.0000000000
"2","114",0.0212827322,37.0058532900,-73.4476834530,7.3894464957,143.0000000000
"2","115",0.0254768806,51.0058539180,-73.4472041100,7.3852798290,129.0000000000
"2","116",0.0296710291,52.0058627130,-73.4467247670,7.3811131623,130.0000000000
"2","117",0.0338651775,53.0058715090,-73.4462454230,7.3769464957,129.0000000000
"2","118",0.0380593259,56.0058744410,-73.4457660800,7.3727798290,132.0000000000
"2","119",0.0408589497,62.0058750940,-73.4454461150,7.3699985495,138.0000000000
"2","120",0.0450261690,68.0058765410,-73.4455139830,7.3658318829,144.0000000000
"2","121",0.0491933884,75.0058777810,-73.4455818520,7.3616652162,151.0000000000
"2","122",0.0533606078,77.0058821230,-73.4456497200,7.3574985495,149.0000000000
"2","123",0.0575278271,78.0058908060,-73.4457175890,7.3533318829,148.0000000000
"2","124",0.0616950465,83.0058925420,-73.4457854570,7.3491652162,143.0000000000
"2","125",0.0658622659,101.0058930200,-73.4458533250,7.3449985495,125.0000000000
"2","126",0.0700294852,102.0059017100,-73.4459211940,7.3408318829,124.0000000000
"2","127",0.0741967046,104.0059060500,-73.4459890620,7.3366652162,126.0000000000
"2","128",0.0783639240,106.0059103900,-73.4460569310,7.3324985495,128.0000000000
"2","129",0.0825311433,108.0059147300,-73.4461247990,7.3283318829,130.0000000000
"2","130",0.0865366586,118.0059155300,-73.4461900340,7.3243268989,140.0000000000
"2","131",0.0918445995,128.0059169400,-73.4494783660,7.3201602322,150.0000000000
"2","132",0.0971525404,130.0059239900,-73.4527666980,7.3159935655,148.0000000000
"2","133",0.1024604813,140.0059253900,-73.4560550290,7.3118268989,138.0000000000
"2","134",0.1066769882,145.0059271700,-73.4586672050,7.3085169941,143.0000000000
"2","135",0.1115575717,148.0059311400,-73.4612086580,7.3126836608,146.0000000000
"2","136",0.1164381552,150.0059371000,-73.4637501110,7.3168503275,148.0000000000
"2","137",0.1213187388,163.0059380100,-73.4662915640,7.3210169941,135.0000000000
"2","138",0.1261993223,171.0059395000,-73.4688330180,7.3251836608,127.0000000000
"2","139",0.1309112633,177.0059413500,-73.4712866540,7.3292063535,121.0000000000
"2","140",0.1356172606,195.0059419700,-73.4690991210,7.3333730201,139.0000000000
"2","141",0.1403232579,197.0059475000,-73.4669115890,7.3375396868,141.0000000000
"2","142",0.1450292553,199.0059530400,-73.4647240560,7.3417063535,139.0000000000
"2","143",0.1467341232,199.0076579100,-73.4639315660,7.3432158351,139.0000000000
"2","144",0.1509017533,213.0076585300,-73.4638419590,7.3473825018,125.0000000000
"2","145",0.1550693834,217.0076607000,-73.4637523520,7.3515491684,121.0000000000
"2","146",0.1592370135,233.0076612400,-73.4636627450,7.3557158351,137.0000000000
"2","147",0.1634046436,239.0076626900,-73.4635731380,7.3598825018,143.0000000000
"2","148",0.1675722736,242.0076655900,-73.4634835310,7.3640491684,140.0000000000
"2","149",0.1717399037,255.0076662500,-73.4633939240,7.3682158351,127.0000000000
"2","150",0.1759075338,255.0118338800,-73.4633043180,7.3723825018,127.0000000000
"2","151",0.1800751639,267.0118346100,-73.4632147110,7.3765491684,115.0000000000
"2","152",0.1842427940,271.0118367800,-73.4631251040,7.3807158351,111.0000000000
"2","153",0.1884104241,275.0118389500,-73.4630354970,7.3848825018,107.0000000000
"2","154",0.1925780541,280.0118406900,-73.4629458900,7.3890491684,112.0000000000
"2","155",0.1967456842,295.0118412700,-73.4628562830,7.3932158351,127.0000000000
"2","156",0.2009133143,297.0118456100,-73.4627666760,7.3973825018,129.0000000000
"2","157",0.2050809444,308.0118464000,-73.4626770690,7.4015491684,118.0000000000
"3","158",0.0000000000,0.0000000000,-73.6794458680,7.8381935656,42.0000000000
"3","159",0.0041666667,3.0000028935,-73.6752792010,7.8381935656,39.0000000000
"3","160",0.0083333333,5.0000072338,-73.6711125340,7.8381935656,41.0000000000
"3","161",0.0125000000,7.0000115741,-73.6669458680,7.8381935656,43.0000000000
"3","162",0.0166666667,8.0000202546,-73.6627792010,7.8381935656,44.0000000000
"3","163",0.0208333333,9.0000289351,-73.6586125340,7.8381935656,43.0000000000
"3","164",0.0250000000,10.0000376160,-73.6544458680,7.8381935656,44.0000000000
"3","165",0.0291666667,13.0000405090,-73.6502792010,7.8381935656,47.0000000000
"3","166",0.0333333333,17.0000426790,-73.6461125340,7.8381935656,51.0000000000
"3","167",0.0375000000,18.0000513600,-73.6419458680,7.8381935656,50.0000000000
"3","168",0.0416666667,19.0000600400,-73.6377792010,7.8381935656,51.0000000000
"3","169",0.0458333333,21.0000643810,-73.6336125340,7.8381935656,49.0000000000
"3","170",0.0500000000,26.0000661170,-73.6294458680,7.8381935656,44.0000000000
"3","171",0.0513388212,28.0000665650,-73.6281070470,7.8381935656,46.0000000000
"3","172",0.0555067504,29.0000752510,-73.6282096280,7.8340268989,45.0000000000
"3","173",0.0596746796,30.0000839360,-73.6283122080,7.8298602323,44.0000000000
"3","174",0.0638426088,30.0042518660,-73.6284147890,7.8256935656,44.0000000000
"3","175",0.0680105380,30.0084197950,-73.6285173700,7.8215268989,44.0000000000
"3","176",0.0721784672,31.0084284810,-73.6286199510,7.8173602323,45.0000000000
"3","177",0.0763463965,31.0125964100,-73.6287225320,7.8131935656,45.0000000000
"3","178",0.0803100756,32.0126042650,-73.6288200860,7.8092310872,46.0000000000
"3","179",0.0844815521,33.0126129660,-73.6286198230,7.8050644205,45.0000000000
"3","180",0.0886530286,34.0126216660,-73.6284195600,7.8008977538,46.0000000000
"3","181",0.0928245051,36.0126260170,-73.6282192970,7.7967310872,48.0000000000
"3","182",0.0969959816,36.0167974930,-73.6280190340,7.7925644205,48.0000000000
"3","183",0.1011674582,38.0168018430,-73.6278187710,7.7883977538,46.0000000000
"3","184",0.1053389347,39.0168105440,-73.6276185080,7.7842310872,47.0000000000
"3","185",0.1095104112,40.0168192450,-73.6274182450,7.7800644205,48.0000000000
"3","186",0.1100152890,40.0173241220,-73.6273940070,7.7795601248,48.0000000000
"3","187",0.1142318822,41.0173330120,-73.6280409600,7.7753934581,47.0000000000
"3","188",0.1184484754,41.0215496050,-73.6286879120,7.7712267915,47.0000000000
"3","189",0.1226650686,41.0257661990,-73.6293348640,7.7670601248,47.0000000000
"3","190",0.1268816617,42.0257750880,-73.6299818160,7.7628934581,48.0000000000
"3","191",0.1310982549,42.0299916810,-73.6306287680,7.7587267915,48.0000000000
"3","192",0.1353148481,43.0300005710,-73.6312757200,7.7545601248,49.0000000000
"3","193",0.1395314413,46.0300035350,-73.6319226720,7.7503934581,52.0000000000
"3","194",0.1437480345,46.0342201280,-73.6325696240,7.7462267915,52.0000000000
"3","195",0.1471938867,48.0342230960,-73.6330983210,7.7428217398,50.0000000000
"3","196",0.1513608575,50.0342274370,-73.6372649880,7.7428720895,48.0000000000
"3","197",0.1555278284,50.0383944080,-73.6414316540,7.7429224392,48.0000000000
"3","198",0.1596947993,50.0425613790,-73.6455983210,7.7429727889,48.0000000000
"3","199",0.1638617701,50.0467283500,-73.6497649880,7.7430231386,48.0000000000
"3","200",0.1680287410,50.0508953210,-73.6539316540,7.7430734883,48.0000000000
"3","201",0.1721957119,50.0550622910,-73.6580983210,7.7431238380,48.0000000000
"3","202",0.1763626827,51.0550709730,-73.6622649880,7.7431741877,47.0000000000
"3","203",0.1805296536,51.0592379440,-73.6664316540,7.7432245374,47.0000000000
"3","204",0.1846966245,51.0634049150,-73.6705983210,7.7432748871,47.0000000000
"3","205",0.1888635953,52.0634135970,-73.6747649880,7.7433252368,46.0000000000
"3","206",0.1930305662,52.0675805680,-73.6789316540,7.7433755865,46.0000000000
"3","207",0.1971975371,52.0717475380,-73.6830983210,7.7434259362,46.0000000000
"3","208",0.2013645079,53.0717562200,-73.6872649880,7.7434762859,45.0000000000
"3","209",0.2055314788,54.0717649020,-73.6914316540,7.7435266355,46.0000000000
"3","210",0.2056673684,54.0719007920,-73.6915675340,7.7435282775,46.0000000000
"3","211",0.2098403438,55.0719094980,-73.6917969080,7.7476949442,47.0000000000
"3","212",0.2140133192,55.0760824740,-73.6920262830,7.7518616108,47.0000000000
"3","213",0.2181862946,57.0760868270,-73.6922556570,7.7560282775,45.0000000000
"3","214",0.2223592700,57.0802598030,-73.6924850310,7.7601949442,45.0000000000
"3","215",0.2265322454,59.0802641560,-73.6927144050,7.7643616108,47.0000000000
"3","216",0.2307052208,60.0802728630,-73.6929437800,7.7685282775,48.0000000000
"3","217",0.2348781962,62.0802772160,-73.6931731540,7.7726949442,50.0000000000
"3","218",0.2390511716,66.0802793930,-73.6934025280,7.7768616108,46.0000000000
"3","219",0.2432241470,67.0802881000,-73.6936319030,7.7810282775,45.0000000000
"3","220",0.2441474964,67.0812114490,-73.6936826560,7.7819502310,45.0000000000
"3","221",0.2447271180,67.0817910710,-73.6940181950,7.7814776055,45.0000000000
"3","222",0.2490291195,67.0860930720,-73.6929476320,7.7856442721,45.0000000000
"3","223",0.2533311210,67.0903950740,-73.6918770680,7.7898109388,45.0000000000
"3","224",0.2576331225,67.0946970750,-73.6908065050,7.7939776055,45.0000000000
"3","225",0.2619351240,67.0989990770,-73.6897359410,7.7981442721,45.0000000000
"3","226",0.2662371255,68.0990083310,-73.6886653780,7.8023109388,44.0000000000
"3","227",0.2705391271,69.0990175840,-73.6875948150,7.8064776055,43.0000000000
"3","228",0.2748411286,70.0990268380,-73.6865242510,7.8106442721,42.0000000000
"3","229",0.2791431301,70.1033288390,-73.6854536880,7.8148109388,42.0000000000
"3","230",0.2834451316,71.1033380930,-73.6843831250,7.8189776055,43.0000000000
"3","231",0.2877471331,72.1033473460,-73.6833125610,7.8231442721,42.0000000000
"3","232",0.2920491346,74.1033519730,-73.6822419980,7.8273109388,40.0000000000
"3","233",0.2963511362,75.1033612270,-73.6811714340,7.8314776055,39.0000000000
"3","234",0.3006531377,75.1076632280,-73.6801008710,7.8356442721,39.0000000000
"4","235",0.0000000000,0.0000000000,-73.7450454730,8.0479343089,41.0000000000
"4","236",0.0048464765,0.0048464765,-73.7425701500,8.0437676423,41.0000000000
"4","237",0.0096929530,0.0096929530,-73.7400948270,8.0396009756,41.0000000000
"4","238",0.0139607148,2.0096975064,-73.7379150810,8.0359318480,43.0000000000
"4","239",0.0181347272,4.0097018620,-73.7376675560,8.0317651813,41.0000000000
"4","240",0.0223087396,4.0138758744,-73.7374200310,8.0275985146,41.0000000000
"4","241",0.0259846915,5.0138826307,-73.7372020420,8.0239290320,40.0000000000
"4","242",0.0314955318,6.0138978153,-73.7408087370,8.0197623653,41.0000000000
"4","243",0.0370063722,6.0194086556,-73.7444154320,8.0155956987,41.0000000000
"4","244",0.0390585274,6.0214608108,-73.7457585120,8.0140440939,41.0000000000
"4","245",0.0432556759,7.0214696188,-73.7462634320,8.0098774272,40.0000000000
"4","246",0.0474528244,7.0256667673,-73.7467683520,8.0057107605,40.0000000000
"4","247",0.0516499729,8.0256755753,-73.7472732730,8.0015440939,39.0000000000
"4","248",0.0558471214,8.0298727238,-73.7477781930,7.9973774272,39.0000000000
"4","249",0.0568399373,8.0308655397,-73.7478976290,7.9963918216,39.0000000000
"4","250",0.0610979797,9.0308746051,-73.7520642960,7.9955144313,38.0000000000
"4","251",0.0653560220,11.0308791380,-73.7562309630,7.9946370411,40.0000000000
"4","252",0.0696140644,12.0308882030,-73.7603976290,7.9937596508,39.0000000000
"4","253",0.0716638515,12.0329379900,-73.7624034290,7.9933372823,39.0000000000
"4","254",0.0758305194,12.0371046580,-73.7624002190,7.9975039489,39.0000000000
"4","255",0.0799971873,13.0371133390,-73.7623970090,8.0016706156,40.0000000000
"4","256",0.0841638552,14.0371220190,-73.7623937980,8.0058372823,41.0000000000
"4","257",0.0883305231,15.0371307000,-73.7623905880,8.0100039489,42.0000000000
"4","258",0.0924971910,17.0371350400,-73.7623873780,8.0141706156,40.0000000000
"4","259",0.0966638589,19.0371393800,-73.7623841680,8.0183372823,38.0000000000
"4","260",0.1008305268,21.0371437210,-73.7623809570,8.0225039489,40.0000000000
"4","261",0.1008420412,21.0371552350,-73.7623809490,8.0225154633,40.0000000000
"4","262",0.1058854543,22.0371679530,-73.7595393110,8.0266821300,41.0000000000
"4","263",0.1109288675,22.0422113660,-73.7566976730,8.0308487967,41.0000000000
"4","264",0.1159722806,22.0472547790,-73.7538560360,8.0350154633,41.0000000000
"4","265",0.1210156937,22.0522981920,-73.7510143980,8.0391821300,41.0000000000
"4","266",0.1260591068,23.0523109100,-73.7481727600,8.0433487967,42.0000000000
"4","267",0.1311025199,24.0523236280,-73.7453311220,8.0475154633,41.0000000000
"5","268",0.0000000000,0.0000000000,-73.6088549890,8.0592304181,71.0000000000
"5","269",0.0041691804,1.0000086910,-73.6046883220,8.0593751727,72.0000000000
"5","270",0.0083383608,2.0000173820,-73.6005216550,8.0595199274,73.0000000000
"5","271",0.0125075411,4.0000217275,-73.5963549890,8.0596646821,75.0000000000
"5","272",0.0166767215,5.0000304185,-73.5921883220,8.0598094367,76.0000000000
"5","273",0.0208459019,6.0000391095,-73.5880216550,8.0599541914,77.0000000000
"5","274",0.0250150823,6.0042082899,-73.5838549890,8.0600989461,77.0000000000
"5","275",0.0291842626,8.0042126354,-73.5796883220,8.0602437008,79.0000000000
"5","276",0.0333534430,10.0042169810,-73.5755216550,8.0603884554,81.0000000000
"5","277",0.0375226234,14.0042191540,-73.5713549890,8.0605332101,85.0000000000
"5","278",0.0406677531,15.0042241000,-73.5682117550,8.0606424095,86.0000000000
"5","279",0.0448969289,21.0042255900,-73.5674873130,8.0564757429,80.0000000000
"5","280",0.0491261047,23.0042300620,-73.5667628710,8.0523090762,78.0000000000
"5","281",0.0533552804,26.0042330430,-73.5660384280,8.0481424095,81.0000000000
"5","282",0.0575844562,28.0042375140,-73.5653139860,8.0439757429,83.0000000000
"5","283",0.0618136320,30.0042419850,-73.5645895440,8.0398090762,81.0000000000
"5","284",0.0660428078,30.0084711610,-73.5638651020,8.0356424095,81.0000000000
"5","285",0.0702719835,31.0084801040,-73.5631406590,8.0314757429,82.0000000000
"5","286",0.0745011593,31.0127092800,-73.5624162170,8.0273090762,82.0000000000
"5","287",0.0787303351,32.0127182230,-73.5616917750,8.0231424095,81.0000000000
"5","288",0.0829595109,32.0169473990,-73.5609673320,8.0189757429,81.0000000000
"5","289",0.0871886866,34.0169518700,-73.5602428900,8.0148090762,83.0000000000
"5","290",0.0914178624,34.0211810460,-73.5595184480,8.0106424095,83.0000000000
"5","291",0.0956470382,34.0254102220,-73.5587940060,8.0064757429,83.0000000000
"5","292",0.0998762140,37.0254132030,-73.5580695630,8.0023090762,80.0000000000
"5","293",0.1041053897,40.0254161840,-73.5573451210,7.9981424095,77.0000000000
"5","294",0.1083345655,45.0254179720,-73.5566206790,7.9939757429,72.0000000000
"5","295",0.1125637413,49.0254202080,-73.5558962360,7.9898090762,76.0000000000
"5","296",0.1167929171,55.0254216980,-73.5551717940,7.9856424095,70.0000000000
"5","297",0.1210220928,56.0254306410,-73.5544473520,7.9814757429,69.0000000000
"5","298",0.1252512686,63.0254319190,-73.5537229100,7.9773090762,76.0000000000
"5","299",0.1294804444,65.0254363900,-73.5529984670,7.9731424095,74.0000000000
"5","300",0.1295492890,65.0255052350,-73.5529866740,7.9730745825,74.0000000000
"5","301",0.1340027061,70.0255072180,-73.5571533410,7.9715023825,79.0000000000
"5","302",0.1384561232,79.0255083200,-73.5613200080,7.9699301825,70.0000000000
"5","303",0.1429095403,81.0255132780,-73.5654866740,7.9683579825,72.0000000000
"5","304",0.1473629574,84.0255165840,-73.5696533410,7.9667857826,69.0000000000
"5","305",0.1518163745,90.0255182370,-73.5738200080,7.9652135826,63.0000000000
"5","306",0.1562697916,94.0255207160,-73.5779866740,7.9636413826,67.0000000000
"5","307",0.1598529490,97.0255228560,-73.5813391160,7.9623764123,64.0000000000
"5","308",0.1653727382,99.0255304730,-73.5849594700,7.9665430790,62.0000000000
"5","309",0.1708925274,99.0310502620,-73.5885798240,7.9707097457,62.0000000000
"5","310",0.1764123167,100.0310655000,-73.5922001780,7.9748764123,61.0000000000
"5","311",0.1819321059,100.0365852800,-73.5958205320,7.9790430790,61.0000000000
"5","312",0.1874518951,101.0366005200,-73.5994408860,7.9832097457,60.0000000000
"5","313",0.1929716843,107.0366030600,-73.6030612390,7.9873764123,66.0000000000
"5","314",0.1984914735,109.0366106700,-73.6066815930,7.9915430790,64.0000000000
"5","315",0.2039794278,110.0366257300,-73.6102810670,7.9956857148,65.0000000000
"5","316",0.2081471436,110.0407934500,-73.6101875580,7.9998523815,65.0000000000
"5","317",0.2123148594,111.0408021300,-73.6100940490,8.0040190481,66.0000000000
"5","318",0.2164825752,113.0408064800,-73.6100005400,8.0081857148,68.0000000000
"5","319",0.2206502910,114.0408151600,-73.6099070320,8.0123523815,67.0000000000
"5","320",0.2248180069,114.0449828800,-73.6098135230,8.0165190481,67.0000000000
"5","321",0.2289857227,115.0449915600,-73.6097200140,8.0206857148,66.0000000000
"5","322",0.2331534385,115.0491592800,-73.6096265050,8.0248523815,66.0000000000
"5","323",0.2373211543,116.0491679600,-73.6095329960,8.0290190481,67.0000000000
"5","324",0.2414888701,117.0491766500,-73.6094394870,8.0331857148,66.0000000000
"5","325",0.2456565859,118.0491853300,-73.6093459780,8.0373523815,65.0000000000
"5","326",0.2498243017,119.0491940200,-73.6092524700,8.0415190481,66.0000000000
"5","327",0.2539920175,122.0491969100,-73.6091589610,8.0456857148,69.0000000000
"5","328",0.2581597333,125.0491998100,-73.6090654520,8.0498523815,72.0000000000
"5","329",0.2623274491,128.0492027000,-73.6089719430,8.0540190481,69.0000000000
"5","330",0.2664951649,128.0533704200,-73.6088784340,8.0581857148,69.0000000000
"6","331",0.0000000000,0.0000000000,-73.6114165480,8.1271957371,88.0000000000
"6","332",0.0041666696,2.0000043403,-73.6072498810,8.1271908081,90.0000000000
"6","333",0.0083333392,3.0000130208,-73.6030832150,8.1271858791,91.0000000000
"6","334",0.0125000087,3.0041796904,-73.5989165480,8.1271809501,91.0000000000
"6","335",0.0166666783,3.0083463600,-73.5947498810,8.1271760210,91.0000000000
"6","336",0.0208333479,3.0125130296,-73.5905832150,8.1271710920,91.0000000000
"6","337",0.0250000175,4.0125217101,-73.5864165480,8.1271661630,92.0000000000
"6","338",0.0291666871,5.0125303906,-73.5822498810,8.1271612340,93.0000000000
"6","339",0.0297016029,5.0130653064,-73.5817149660,8.1271606012,93.0000000000
"6","340",0.0342705862,7.0130705253,-73.5775482990,8.1252859019,95.0000000000
"6","341",0.0388395695,8.0130809630,-73.5733816330,8.1234112026,96.0000000000
"6","342",0.0434085528,11.0130844420,-73.5692149660,8.1215365033,99.0000000000
"6","343",0.0479775361,13.0130896610,-73.5650482990,8.1196618040,101.0000000000
"6","344",0.0525465194,15.0130948800,-73.5608816330,8.1177871047,103.0000000000
"6","345",0.0571155028,17.0131000990,-73.5567149660,8.1159124054,105.0000000000
"6","346",0.0616844861,19.0131053180,-73.5525482990,8.1140377061,107.0000000000
"6","347",0.0662534694,23.0131079270,-73.5483816330,8.1121630068,111.0000000000
"6","348",0.0708224527,27.0131105370,-73.5442149660,8.1102883075,115.0000000000
"6","349",0.0753914360,28.0131209750,-73.5400482990,8.1084136082,116.0000000000
"6","350",0.0799604193,34.0131227140,-73.5358816330,8.1065389090,122.0000000000
"6","351",0.0801048908,34.0132671860,-73.5357498820,8.1064796309,122.0000000000
"6","352",0.0842959240,35.0132759680,-73.5362011560,8.1023129642,121.0000000000
"6","353",0.0884869572,38.0132788950,-73.5366524300,8.0981462975,118.0000000000
"6","354",0.0926779904,44.0132803590,-73.5371037040,8.0939796309,112.0000000000
"6","355",0.0968690236,50.0132818230,-73.5375549780,8.0898129642,106.0000000000
"6","356",0.1010600568,54.0132840180,-73.5380062520,8.0856462975,110.0000000000
"6","357",0.1052510900,58.0132862140,-73.5384575260,8.0814796309,106.0000000000
"6","358",0.1094421232,65.0132874690,-73.5389088000,8.0773129642,99.0000000000
"6","359",0.1136331564,68.0132903960,-73.5393600740,8.0731462975,102.0000000000
"6","360",0.1178241896,69.0132991790,-73.5398113480,8.0689796309,103.0000000000
"6","361",0.1188035033,69.0142784920,-73.5399167970,8.0680060109,103.0000000000
"6","362",0.1229701983,73.0142806620,-73.5440834630,8.0680213730,99.0000000000
"6","363",0.1271368933,77.0142828330,-73.5482501300,8.0680367350,95.0000000000
"6","364",0.1313035883,79.0142871730,-73.5524167970,8.0680520971,93.0000000000
"6","365",0.1354702833,82.0142900660,-73.5565834630,8.0680674592,90.0000000000
"6","366",0.1396369783,84.0142944070,-73.5607501300,8.0680828213,88.0000000000
"6","367",0.1438036733,85.0143030870,-73.5649167970,8.0680981834,87.0000000000
"6","368",0.1479703682,86.0143117680,-73.5690834630,8.0681135455,86.0000000000
"6","369",0.1521370632,88.0143161080,-73.5732501300,8.0681289075,84.0000000000
"6","370",0.1563037582,90.0143204490,-73.5774167970,8.0681442696,82.0000000000
"6","371",0.1604704532,92.0143247890,-73.5815834630,8.0681596317,80.0000000000
"6","372",0.1646371482,95.0143276830,-73.5857501300,8.0681749938,77.0000000000
"6","373",0.1688038432,96.0143363630,-73.5899167970,8.0681903559,76.0000000000
"6","374",0.1729705382,100.0143385300,-73.5940834630,8.0682057180,72.0000000000
"6","375",0.1771372331,101.0143472100,-73.5982501300,8.0682210801,71.0000000000
"6","376",0.1783023131,101.0155122900,-73.5994152020,8.0682253756,71.0000000000
"6","377",0.1825543924,102.0155213300,-73.6002631810,8.0723920422,70.0000000000
"6","378",0.1868064718,103.0155303700,-73.6011111590,8.0765587089,71.0000000000
"6","379",0.1910585511,104.0155394100,-73.6019591380,8.0807253756,70.0000000000
"6","380",0.1953106305,105.0155484500,-73.6028071170,8.0848920422,69.0000000000
"6","381",0.1995627099,106.0155574900,-73.6036550950,8.0890587089,68.0000000000
"6","382",0.2038147892,110.0155597500,-73.6045030740,8.0932253756,72.0000000000
"6","383",0.2080668686,117.0155610500,-73.6053510530,8.0973920422,79.0000000000
"6","384",0.2123189480,121.0155633100,-73.6061990310,8.1015587089,83.0000000000
"6","385",0.2165710273,122.0155723500,-73.6070470100,8.1057253756,84.0000000000
"6","386",0.2208231067,126.0155746100,-73.6078949890,8.1098920422,88.0000000000
"6","387",0.2250751861,127.0155836500,-73.6087429670,8.1140587089,87.0000000000
"6","388",0.2293272654,128.0155926900,-73.6095909460,8.1182253756,86.0000000000
"6","389",0.2335793448,130.0155972100,-73.6104389250,8.1223920422,88.0000000000
"6","390",0.2378314241,130.0198492900,-73.6112869030,8.1265587089,88.0000000000
"7","391",0.0000000000,0.0000000000,-73.6744545940,8.2977863571,90.0000000000
"7","392",0.0054064761,5.0000029230,-73.6710094710,8.2936196905,95.0000000000
"7","393",0.0100708345,18.0000037600,-73.6680372410,8.2900249595,82.0000000000
"7","394",0.0143412722,19.0000128780,-73.6689729370,8.2858582928,83.0000000000
"7","395",0.0165793385,19.0022509440,-73.6694633190,8.2836746111,83.0000000000
"7","396",0.0209760337,27.0022521530,-73.6708668210,8.2795079444,75.0000000000
"7","397",0.0253727290,34.0022535330,-73.6722703230,8.2753412778,82.0000000000
"7","398",0.0297694242,44.0022545000,-73.6736738250,8.2711746111,72.0000000000
"7","399",0.0341661194,50.0022561110,-73.6750773270,8.2670079444,66.0000000000
"7","400",0.0344490166,50.0025390080,-73.6751676330,8.2667398479,66.0000000000
"7","401",0.0394407906,51.0025514670,-73.6793342990,8.2639909034,67.0000000000
"7","402",0.0444325646,52.0025639260,-73.6835009660,8.2612419588,66.0000000000
"7","403",0.0494243385,56.0025670400,-73.6876676330,8.2584930143,62.0000000000
"7","404",0.0498253241,57.0025671210,-73.6880023380,8.2582721936,61.0000000000
"7","405",0.0546120776,59.0025728490,-73.6921690050,8.2606284402,59.0000000000
"7","406",0.0593988311,63.0025757130,-73.6963356710,8.2629846868,55.0000000000
"7","407",0.0612934839,63.0044703660,-73.6979848870,8.2639173167,55.0000000000
"7","408",0.0661301895,64.0044820630,-73.6955287490,8.2680839833,56.0000000000
"7","409",0.0709668951,65.0044937600,-73.6930726120,8.2722506500,55.0000000000
"7","410",0.0758036007,65.0093304650,-73.6906164750,8.2764173167,55.0000000000
"7","411",0.0806403063,66.0093421620,-73.6881603380,8.2805839833,54.0000000000
"7","412",0.0854770119,67.0093538590,-73.6857042010,8.2847506500,55.0000000000
"7","413",0.0903137175,86.0093544740,-73.6832480630,8.2889173167,74.0000000000
"7","414",0.0907804251,86.0098211820,-73.6830110640,8.2893193703,74.0000000000
"7","415",0.0966422505,99.0098225040,-73.6788443970,8.2934424621,87.0000000000
"7","416",0.1025040759,102.0098282300,-73.6746777300,8.2975655538,90.0000000000
"8","417",0.0000000000,0.0000000000,-73.6052897930,8.1869955889,99.0000000000
"8","418",0.0042336027,3.0000029872,-73.6011231260,8.1877454425,102.0000000000
"8","419",0.0079694329,5.0000064763,-73.5974463620,8.1884071310,104.0000000000
"8","420",0.0121836719,7.0000109163,-73.5968149360,8.1842404643,102.0000000000
"8","421",0.0163979109,9.0000153562,-73.5961835090,8.1800737976,104.0000000000
"8","422",0.0206121499,10.0000242360,-73.5955520830,8.1759071310,103.0000000000
"8","423",0.0222462423,11.0000255710,-73.5953072440,8.1742914850,102.0000000000
"8","424",0.0265830097,15.0000279220,-73.5965099250,8.1701248183,98.0000000000
"8","425",0.0309197771,16.0000373260,-73.5977126050,8.1659581516,97.0000000000
"8","426",0.0325308857,16.0016484340,-73.5981594010,8.1644102355,97.0000000000
"8","427",0.0373089275,20.0016512880,-73.6004978990,8.1602435688,93.0000000000
"8","428",0.0398153288,21.0016544290,-73.6017245970,8.1580578745,92.0000000000
"8","429",0.0442437090,22.0016642340,-73.6058912640,8.1595576880,91.0000000000
"8","430",0.0481514156,23.0016718690,-73.6095680280,8.1608811585,90.0000000000
"8","431",0.0528194676,25.0016773170,-73.6116726890,8.1650478252,92.0000000000
"8","432",0.0544773821,25.0033352320,-73.6124201850,8.1665276667,92.0000000000
"8","433",0.0588896461,28.0033384760,-73.6109686470,8.1706943333,95.0000000000
"8","434",0.0633019101,30.0033433430,-73.6095171090,8.1748610000,93.0000000000
"8","435",0.0677141741,34.0033457770,-73.6080655710,8.1790276667,97.0000000000
"8","436",0.0721264380,36.0033506440,-73.6066140330,8.1831943333,99.0000000000
"9","437",0.0000000000,0.0000000000,-73.7286455710,8.0902930909,42.0000000000
"9","438",0.0041710860,4.0000021747,-73.7244789050,8.0901011335,46.0000000000
"9","439",0.0083421721,4.0041732608,-73.7203122380,8.0899091760,46.0000000000
"9","440",0.0125132581,6.0041776103,-73.7161455710,8.0897172186,48.0000000000
"9","441",0.0166843442,7.0041863092,-73.7119789050,8.0895252612,49.0000000000
"9","442",0.0180118516,7.0055138167,-73.7106528040,8.0894641680,49.0000000000
"9","443",0.0221785200,10.0055167100,-73.7106565700,8.0852975013,46.0000000000
"9","444",0.0263451883,15.0055184460,-73.7106603360,8.0811308347,41.0000000000
"9","445",0.0270534597,15.0062267180,-73.7106609760,8.0804225636,41.0000000000
"9","446",0.0312201279,19.0062288880,-73.7148276430,8.0804261151,45.0000000000
"9","447",0.0353867961,24.0062306240,-73.7189943100,8.0804296666,40.0000000000
"9","448",0.0395534643,26.0062349640,-73.7231609760,8.0804332180,38.0000000000
"9","449",0.0437201324,27.0062436450,-73.7273276430,8.0804367695,37.0000000000
"9","450",0.0464641156,29.0062455270,-73.7300716250,8.0804391084,39.0000000000
"9","451",0.0506741884,30.0062543890,-73.7294686310,8.0846057751,40.0000000000
"9","452",0.0548842611,32.0062588210,-73.7288656380,8.0887724417,42.0000000000
"10","453",0.0000000000,0.0000000000,-73.6841994620,7.5376406368,59.0000000000
"10","454",0.0057453776,2.0000082523,-73.6802436750,7.5418073034,61.0000000000
"10","455",0.0110465781,3.0000223036,-73.6765937110,7.5456518437,60.0000000000
"10","456",0.0152257699,4.0000310364,-73.6769170260,7.5498185103,61.0000000000
"10","457",0.0171911103,6.0000320020,-73.6770690710,7.5517779606,63.0000000000
"10","458",0.0220391101,8.0000378778,-73.6729024040,7.5542562647,61.0000000000
"10","459",0.0254874635,9.0000438233,-73.6699386790,7.5560190676,62.0000000000
"10","460",0.0302762078,10.0000552890,-73.6657720120,7.5536587793,61.0000000000
"10","461",0.0331360831,10.0029151650,-73.6632836460,7.5522491968,61.0000000000
"10","462",0.0373357428,12.0029195740,-73.6638090330,7.5480825301,63.0000000000
"10","463",0.0407356264,14.0029224640,-73.6642343650,7.5447093564,61.0000000000
"10","464",0.0460094980,15.0029363700,-73.6674674150,7.5405426898,60.0000000000
"10","465",0.0512833695,15.0082102420,-73.6707004650,7.5363760231,60.0000000000
"10","466",0.0565572411,16.0082241490,-73.6739335140,7.5322093564,61.0000000000
"10","467",0.0618311126,18.0082311020,-73.6771665640,7.5280426898,63.0000000000
"10","468",0.0639983503,18.0103983400,-73.6784951490,7.5263304453,63.0000000000
"10","469",0.0681749718,20.0104027010,-73.6826618160,7.5260422516,61.0000000000
"10","470",0.0723515932,20.0145793220,-73.6868284820,7.5257540579,61.0000000000
"10","471",0.0765282147,21.0145880440,-73.6909951490,7.5254658641,60.0000000000
"10","472",0.0807048361,22.0145967670,-73.6951618160,7.5251776704,59.0000000000
"10","473",0.0844876422,23.0146039210,-73.6989356050,7.5249166506,58.0000000000
"10","474",0.0895701008,23.0196863800,-73.7031022720,7.5220062770,58.0000000000
"10","475",0.0946525594,24.0196992960,-73.7072689390,7.5190959034,59.0000000000
"10","476",0.0997350181,25.0197122110,-73.7114356050,7.5161855298,60.0000000000
"10","477",0.1048174767,25.0247946700,-73.7156022720,7.5132751562,60.0000000000
"10","478",0.1098999353,26.0248075850,-73.7197689390,7.5103647825,59.0000000000
"10","479",0.1100005469,26.0249081970,-73.7198514220,7.5103071692,59.0000000000
"10","480",0.1152743172,28.0249151500,-73.7230843060,7.5144738359,57.0000000000
"10","481",0.1177550354,28.0273958680,-73.7246050160,7.5164337858,57.0000000000
"10","482",0.1223387732,29.0274063740,-73.7226946390,7.5206004525,56.0000000000
"10","483",0.1269225109,30.0274168790,-73.7207842620,7.5247671191,57.0000000000
"10","484",0.1291607575,31.0274193840,-73.7198514220,7.5268017092,56.0000000000
"10","485",0.1338633061,32.0274304410,-73.7156847550,7.5289818128,57.0000000000
"10","486",0.1385658546,32.0321329890,-73.7115180880,7.5311619165,57.0000000000
"10","487",0.1432684032,33.0321440460,-73.7073514220,7.5333420202,58.0000000000
"10","488",0.1479709518,34.0321551030,-73.7031847550,7.5355221238,57.0000000000
"10","489",0.1484746215,34.0326587730,-73.7027384810,7.5357556253,57.0000000000
"10","490",0.1526627712,35.0326675430,-73.6985718140,7.5361792839,58.0000000000
"10","491",0.1568509209,36.0326763130,-73.6944051480,7.5366029425,59.0000000000
"10","492",0.1610390705,37.0326850840,-73.6902384810,7.5370266011,58.0000000000
"10","493",0.1652272202,39.0326894690,-73.6860718140,7.5374502596,60.0000000000
"11","494",0.0000000000,0.0000000000,-73.8334623310,7.5131348491,51.0000000000
"11","495",0.0038319664,0.0038319664,-73.8296594560,7.5136061273,51.0000000000
"11","496",0.0078891570,1.0038401967,-73.8258565800,7.5121922912,50.0000000000
"11","497",0.0126448020,2.0038515048,-73.8281489690,7.5080256246,51.0000000000
"11","498",0.0138060603,2.0050127630,-73.8287087370,7.5070081861,51.0000000000
"11","499",0.0183332535,2.0095399563,-73.8328754030,7.5052377716,51.0000000000
"11","500",0.0210369285,2.0122436312,-73.8353637690,7.5041804663,51.0000000000
"11","501",0.0252035951,3.0122523118,-73.8395304360,7.5041804663,52.0000000000
"11","502",0.0272166014,3.0142653180,-73.8415434420,7.5041804663,52.0000000000
"11","503",0.0295730358,3.0166217524,-73.8415434420,7.5065369007,52.0000000000
"11","504",0.0349520975,4.0166362195,-73.8373767750,7.5099388405,51.0000000000
"12","505",0.0000000000,0.0000000000,-73.5564999790,7.7034946149,64.0000000000
"12","506",0.0045330168,3.0000034247,-73.5523333120,7.7052798685,61.0000000000
"12","507",0.0090660336,5.0000085618,-73.5481666450,7.7070651220,63.0000000000
"12","508",0.0120813389,5.0030238670,-73.5453950310,7.7082526500,63.0000000000
"12","509",0.0164476218,6.0030333992,-73.5440899200,7.7040859833,64.0000000000
"12","510",0.0200347476,6.0066205250,-73.5430177040,7.7006628526,64.0000000000
"12","511",0.0259008098,9.0066262601,-73.5471843710,7.6965337394,61.0000000000
"12","512",0.0267271192,9.0074525694,-73.5477712990,7.6959521014,61.0000000000
"12","513",0.0322338716,11.0074601500,-73.5519379650,7.6995525473,63.0000000000
"12","514",0.0377406239,12.0074753130,-73.5561046320,7.7031529932,64.0000000000
"13","515",0.0000000000,0.0000000000,-73.5397852600,7.6976008703,62.0000000000
"13","516",0.0046148323,1.0000106483,-73.5359348480,7.6950570528,63.0000000000
"13","517",0.0089512135,3.0000153493,-73.5371361350,7.6908903861,65.0000000000
"13","518",0.0097626602,3.0008267960,-73.5373609270,7.6901106973,65.0000000000
"13","519",0.0113237682,4.0008280145,-73.5375035340,7.6885561166,66.0000000000
"13","520",0.0135603655,4.0030646118,-73.5382165740,7.6864362245,66.0000000000
"13","521",0.0173005404,5.0030716062,-73.5417817700,7.6853056111,65.0000000000
"13","522",0.0213324363,6.0030797343,-73.5443487110,7.6884147907,66.0000000000
"13","523",0.0255267186,10.0030819330,-73.5438681980,7.6925814574,62.0000000000
"13","524",0.0263115949,10.0038668100,-73.5437782790,7.6933611660,62.0000000000
"13","525",0.0320352915,10.0095905060,-73.5398540480,7.6975278327,62.0000000000
"14","526",0.0000000000,0.0000000000,-73.5293914530,7.2977082067,157.0000000000
"14","527",0.0045201438,4.0000025540,-73.5252247860,7.2994605161,153.0000000000
"14","528",0.0090402875,7.0000059592,-73.5210581200,7.3012128256,156.0000000000
"14","529",0.0135604313,11.0000085130,-73.5168914530,7.3029651350,152.0000000000
"14","530",0.0180805750,15.0000110670,-73.5127247860,7.3047174445,156.0000000000
"14","531",0.0226007188,23.0000123440,-73.5085581200,7.3064697539,148.0000000000
"14","532",0.0271208625,26.0000157490,-73.5043914530,7.3082220634,151.0000000000
"14","533",0.0316410063,36.0000167710,-73.5002247860,7.3099743728,141.0000000000
"14","534",0.0361611500,39.0000201760,-73.4960581200,7.3117266823,144.0000000000
"14","535",0.0370496488,45.0000202420,-73.4952391020,7.3120711237,150.0000000000
"14","536",0.0413091356,50.0000220560,-73.4910724350,7.3129554974,145.0000000000
"14","537",0.0455686224,59.0000230640,-73.4869057690,7.3138398710,154.0000000000
"14","538",0.0498281092,77.0000235680,-73.4827391020,7.3147242447,172.0000000000
"14","539",0.0540875960,86.0000245760,-73.4785724350,7.3156086183,181.0000000000
"14","540",0.0583470828,116.0000248800,-73.4744057690,7.3164929920,151.0000000000
"14","541",0.0626065697,137.0000253100,-73.4702391020,7.3173773656,130.0000000000
"14","542",0.0663243322,155.0000256900,-73.4666023550,7.3181492641,148.0000000000
"14","543",0.0713479732,159.0000288500,-73.4637959590,7.3139825974,152.0000000000
"14","544",0.0763716143,168.0000302500,-73.4609895630,7.3098159307,143.0000000000
"14","545",0.0813952553,169.0000428700,-73.4581831670,7.3056492641,142.0000000000
"14","546",0.0864188964,174.0000453900,-73.4553767710,7.3014825974,147.0000000000
"14","547",0.0914425374,178.0000485500,-73.4525703750,7.2973159307,151.0000000000
"14","548",0.0934619940,190.0000487200,-73.4514422300,7.2956409698,163.0000000000
"14","549",0.0978451423,194.0000511200,-73.4528027000,7.2914743031,159.0000000000
"14","550",0.1022282905,195.0000607300,-73.4541631690,7.2873076365,158.0000000000
"14","551",0.1066114388,201.0000623300,-73.4555236390,7.2831409698,164.0000000000
"14","552",0.1109945870,205.0000647300,-73.4568841080,7.2789743031,168.0000000000
"14","553",0.1153777353,213.0000659300,-73.4582445780,7.2748076365,176.0000000000
"14","554",0.1191031566,221.0000668000,-73.4594008980,7.2712662119,168.0000000000
"14","555",0.1245702584,237.0000677300,-73.4635675650,7.2677267075,184.0000000000
"14","556",0.1300373602,238.0000826700,-73.4677342310,7.2641872032,185.0000000000
"14","557",0.1355044620,248.0000841700,-73.4719008980,7.2606476988,175.0000000000
"14","558",0.1409715638,252.0000879100,-73.4760675650,7.2571081945,171.0000000000
"14","559",0.1464386656,261.0000895700,-73.4802342310,7.2535686902,162.0000000000
"14","560",0.1519057674,262.0001045100,-73.4844008980,7.2500291858,161.0000000000
"14","561",0.1571033076,272.0001058600,-73.4883621220,7.2466642008,171.0000000000
"14","562",0.1627659360,273.0001218900,-73.4921967340,7.2424975341,172.0000000000
"14","563",0.1684285645,287.0001230400,-73.4960313470,7.2383308674,158.0000000000
"14","564",0.1740911929,289.0001310500,-73.4998659590,7.2341642008,156.0000000000
"14","565",0.1774264795,290.0001366200,-73.5021245440,7.2317100353,155.0000000000
"14","566",0.1825192439,295.0001392100,-73.5050528780,7.2275433686,160.0000000000
"14","567",0.1876120082,299.0001424500,-73.5079812110,7.2233767020,156.0000000000
"14","568",0.1927047726,302.0001467800,-73.5109095450,7.2192100353,153.0000000000
"14","569",0.1977975370,308.0001489400,-73.5138378790,7.2150433686,147.0000000000
"14","570",0.2028903013,314.0001511000,-73.5167662120,7.2108767020,141.0000000000
"14","571",0.2078990763,318.0001542300,-73.5196462520,7.2067787516,137.0000000000
"14","572",0.2125335705,324.0001560200,-73.5216753960,7.2109454182,131.0000000000
"14","573",0.2171680647,328.0001587100,-73.5237045400,7.2151120849,135.0000000000
"14","574",0.2218025588,339.0001596900,-73.5257336840,7.2192787516,146.0000000000
"14","575",0.2264370530,348.0001608800,-73.5277628280,7.2234454182,155.0000000000
"14","576",0.2310715472,350.0001662500,-73.5297919720,7.2276120849,157.0000000000
"14","577",0.2357060413,354.0001689300,-73.5318211160,7.2317787516,161.0000000000
"14","578",0.2403405355,361.0001704700,-73.5338502600,7.2359454182,154.0000000000
"14","579",0.2449750297,365.0001731500,-73.5358794030,7.2401120849,158.0000000000
"14","580",0.2496095238,380.0001738700,-73.5379085470,7.2442787516,143.0000000000
"14","581",0.2542440180,380.0048083600,-73.5399376910,7.2484454182,143.0000000000
"14","582",0.2588785122,385.0048105100,-73.5419668350,7.2526120849,148.0000000000
"14","583",0.2604206170,385.0063526100,-73.5426420230,7.2539985224,148.0000000000
"14","584",0.2657775616,396.0063539200,-73.5384753560,7.2573653821,137.0000000000
"14","585",0.2701596471,400.0063563200,-73.5350669410,7.2601195392,133.0000000000
"14","586",0.2743735414,402.0063607600,-73.5344378190,7.2642862059,135.0000000000
"14","587",0.2785874358,408.0063622400,-73.5338086970,7.2684528726,141.0000000000
"14","588",0.2828013302,411.0063652000,-73.5331795740,7.2726195392,144.0000000000
"14","589",0.2870152246,413.0063696400,-73.5325504520,7.2767862059,142.0000000000
"14","590",0.2912291190,414.0063785200,-73.5319213300,7.2809528726,143.0000000000
"14","591",0.2954430134,417.0063814700,-73.5312922080,7.2851195392,140.0000000000
"14","592",0.2996569078,418.0063903500,-73.5306630850,7.2892862059,141.0000000000
"14","593",0.3038708022,425.0063916200,-73.5300339630,7.2934528726,148.0000000000
"14","594",0.3080846966,434.0063926100,-73.5294048410,7.2976195392,157.0000000000
"15","595",0.0000000000,0.0000000000,-73.5617502600,7.1379250918,122.0000000000
"15","596",0.0048856674,1.0000119348,-73.5575835930,7.1404762944,123.0000000000
"15","597",0.0097713348,9.0000134267,-73.5534169270,7.1430274970,131.0000000000
"15","598",0.0146570022,22.0000143450,-73.5492502600,7.1455786996,144.0000000000
"15","599",0.0195426696,33.0000154300,-73.5450835930,7.1481299023,155.0000000000
"15","600",0.0223699150,33.0028426750,-73.5426724200,7.1496062361,155.0000000000
"15","601",0.0273510154,38.0028451560,-73.5399429060,7.1454395694,150.0000000000
"15","602",0.0323321158,41.0028492910,-73.5372133910,7.1412729027,153.0000000000
"15","603",0.0373132162,63.0028498550,-73.5344838770,7.1371062361,175.0000000000
"15","604",0.0392858739,63.0048225130,-73.5334029110,7.1354561174,175.0000000000
"15","605",0.0434700113,105.0048227200,-73.5337848730,7.1312894507,217.0000000000
"15","606",0.0476541487,108.0048256400,-73.5341668350,7.1271227840,214.0000000000
"15","607",0.0518382862,133.0048259900,-73.5345487970,7.1229561174,189.0000000000
"15","608",0.0560224236,155.0048263900,-73.5349307590,7.1187894507,167.0000000000
"15","609",0.0602065610,174.0048268500,-73.5353127210,7.1146227840,186.0000000000
"15","610",0.0643906985,208.0048271100,-73.5356946830,7.1104561174,220.0000000000
"15","611",0.0685748359,236.0048274200,-73.5360766450,7.1062894507,248.0000000000
"15","612",0.0727589734,246.0048282900,-73.5364586070,7.1021227840,258.0000000000
"15","613",0.0769431108,273.0048286200,-73.5368405690,7.0979561174,285.0000000000
"15","614",0.0811272482,290.0048291300,-73.5372225310,7.0937894507,302.0000000000
"15","615",0.0853113857,408.0048292100,-73.5376044930,7.0896227840,184.0000000000
"15","616",0.0894955231,433.0048295600,-73.5379864550,7.0854561174,209.0000000000
"15","617",0.0907099625,433.0060440000,-73.5380973190,7.0842467488,209.0000000000
"15","618",0.0948768227,441.0060450800,-73.5381374720,7.0800800821,217.0000000000
"15","619",0.0990436828,443.0060494200,-73.5381776260,7.0759134154,219.0000000000
"15","620",0.1032105430,493.0060496000,-73.5382177790,7.0717467488,269.0000000000
"15","621",0.1073774031,493.0102164600,-73.5382579320,7.0675800821,269.0000000000
"15","622",0.1115442632,541.0102166400,-73.5382980860,7.0634134154,221.0000000000
"15","623",0.1157111234,591.0102168100,-73.5383382390,7.0592467488,171.0000000000
"15","624",0.1198779835,652.0102169500,-73.5383783920,7.0550800821,232.0000000000
"15","625",0.1233359094,703.0102170700,-73.5384117140,7.0516223168,283.0000000000
"15","626",0.1280497210,754.0102172900,-73.5362074210,7.0474556501,334.0000000000
"15","627",0.1327635327,806.0102175000,-73.5340031270,7.0432889834,386.0000000000
"15","628",0.1374773444,940.0102175800,-73.5317988340,7.0391223168,520.0000000000
"15","629",0.1421911560,951.0102185900,-73.5295945410,7.0349556501,531.0000000000
"15","630",0.1469049677,1070.0102187000,-73.5273902470,7.0307889834,650.0000000000
"15","631",0.1477703821,1070.0110841000,-73.5269855580,7.0300240201,650.0000000000
"15","632",0.1519710116,1103.0110844000,-73.5275186410,7.0258573534,617.0000000000
"15","633",0.1561716411,1172.0110845000,-73.5280517240,7.0216906867,548.0000000000
"15","634",0.1603722706,1185.0110852000,-73.5285848070,7.0175240201,561.0000000000
"15","635",0.1645729002,1276.0110853000,-73.5291178900,7.0133573534,652.0000000000
"15","636",0.1687735297,1427.0110853000,-73.5296509720,7.0091906867,501.0000000000
"15","637",0.1729741592,1466.0110856000,-73.5301840550,7.0050240201,462.0000000000
"15","638",0.1771747887,1476.0110864000,-73.5307171380,7.0008573534,472.0000000000
"15","639",0.1813754183,1494.0110869000,-73.5312502210,6.9966906867,490.0000000000
"15","640",0.1855760478,1524.0110872000,-73.5317833040,6.9925240201,520.0000000000
"15","641",0.1897766773,1594.0110874000,-73.5323163870,6.9883573534,590.0000000000
"15","642",0.1927196959,1613.0110876000,-73.5326898720,6.9854381296,571.0000000000
"15","643",0.1971386937,1823.0110876000,-73.5341617510,6.9812714630,361.0000000000
"15","644",0.2015576914,1894.0110878000,-73.5356336310,6.9771047963,290.0000000000
"15","645",0.2059766891,1922.0110881000,-73.5371055110,6.9729381296,262.0000000000
"15","646",0.2103956868,1925.0110914000,-73.5385773900,6.9687714630,265.0000000000
"15","647",0.2148146846,1966.0110916000,-73.5400492700,6.9646047963,306.0000000000
"15","648",0.2192336823,2001.0110919000,-73.5415211500,6.9604381296,341.0000000000
"15","649",0.2236526800,2070.0110920000,-73.5429930300,6.9562714630,272.0000000000
"15","650",0.2280716777,2081.0110929000,-73.5444649090,6.9521047963,283.0000000000
"15","651",0.2324906755,2100.0110934000,-73.5459367890,6.9479381296,302.0000000000
"15","652",0.2369096732,2124.0110938000,-73.5474086690,6.9437714630,326.0000000000
"15","653",0.2413286709,2138.0110945000,-73.5488805480,6.9396047963,340.0000000000
"15","654",0.2457476686,2169.0110948000,-73.5503524280,6.9354381296,309.0000000000
"15","655",0.2501666664,2186.0110954000,-73.5518243080,6.9312714630,292.0000000000
"15","656",0.2505198013,2186.0114486000,-73.5519419300,6.9309384925,292.0000000000
"15","657",0.2547055991,2229.0114488000,-73.5523416700,6.9267718259,249.0000000000
"15","658",0.2588913969,2266.0114490000,-73.5527414100,6.9226051592,212.0000000000
"15","659",0.2630771948,2266.0156348000,-73.5531411510,6.9184384925,212.0000000000
"15","660",0.2654526852,2274.0156351000,-73.5533680080,6.9160738593,204.0000000000
"15","661",0.2696635016,2322.0156353000,-73.5575346750,6.9166820239,156.0000000000
"15","662",0.2738743181,2336.0156360000,-73.5617013410,6.9172901886,142.0000000000
"15","663",0.2780851346,2348.0156367000,-73.5658680080,6.9178983532,154.0000000000
"15","664",0.2822959510,2364.0156373000,-73.5700346750,6.9185065179,138.0000000000
"15","665",0.2865067675,2375.0156381000,-73.5742013410,6.9191146825,127.0000000000
"15","666",0.2876530891,2400.0156381000,-73.5753356440,6.9192802448,152.0000000000
"15","667",0.2918207666,2410.0156390000,-73.5795023110,6.9193720291,142.0000000000
"15","668",0.2959884440,2423.0156396000,-73.5836689770,6.9194638133,155.0000000000
"15","669",0.3001561215,2433.0156405000,-73.5878356440,6.9195555976,145.0000000000
"15","670",0.3027671564,2433.0182515000,-73.5904460460,6.9196131001,145.0000000000
"15","671",0.3069758563,2439.0182530000,-73.5898527120,6.9237797668,151.0000000000
"15","672",0.3111845563,2469.0182533000,-73.5892593790,6.9279464335,121.0000000000
"15","673",0.3153932563,2479.0182542000,-73.5886660460,6.9321131001,111.0000000000
"15","674",0.3196019563,2486.0182555000,-73.5880727120,6.9362797668,118.0000000000
"15","675",0.3238106563,2495.0182564000,-73.5874793790,6.9404464335,109.0000000000
"15","676",0.3280193563,2499.0182586000,-73.5868860460,6.9446131001,113.0000000000
"15","677",0.3322280562,2501.0182631000,-73.5862927120,6.9487797668,115.0000000000
"15","678",0.3364367562,2506.0182648000,-73.5856993790,6.9529464335,110.0000000000
"15","679",0.3406454562,2507.0182737000,-73.5851060460,6.9571131001,111.0000000000
"15","680",0.3448541562,2511.0182759000,-73.5845127120,6.9612797668,107.0000000000
"15","681",0.3490628562,2511.0224846000,-73.5839193790,6.9654464335,107.0000000000
"15","682",0.3532715561,2522.0224854000,-73.5833260460,6.9696131001,118.0000000000
"15","683",0.3574802561,2526.0224876000,-73.5827327120,6.9737797668,114.0000000000
"15","684",0.3616889561,2538.0224884000,-73.5821393790,6.9779464335,126.0000000000
"15","685",0.3658976561,2551.0224891000,-73.5815460460,6.9821131001,113.0000000000
"15","686",0.3701063561,2558.0224903000,-73.5809527130,6.9862797668,106.0000000000
"15","687",0.3743150561,2558.0266990000,-73.5803593790,6.9904464335,106.0000000000
"15","688",0.3772019515,2562.0267001000,-73.5799523910,6.9933044968,110.0000000000
"15","689",0.3814335802,2563.0267090000,-73.5806910190,6.9974711634,111.0000000000
"15","690",0.3856652090,2564.0267180000,-73.5814296460,7.0016378301,112.0000000000
"15","691",0.3898968378,2568.0267202000,-73.5821682740,7.0058044968,116.0000000000
"15","692",0.3941284665,2569.0267292000,-73.5829069020,7.0099711634,117.0000000000
"15","693",0.3983600953,2573.0267314000,-73.5836455290,7.0141378301,113.0000000000
"15","694",0.4025917240,2574.0267404000,-73.5843841570,7.0183044968,112.0000000000
"15","695",0.4068233528,2582.0267415000,-73.5851227850,7.0224711634,120.0000000000
"15","696",0.4110549815,2585.0267445000,-73.5858614120,7.0266378301,117.0000000000
"15","697",0.4152866103,2598.0267451000,-73.5866000400,7.0308044968,104.0000000000
"15","698",0.4195182390,2600.0267496000,-73.5873386680,7.0349711634,102.0000000000
"15","699",0.4237498678,2602.0267541000,-73.5880772950,7.0391378301,104.0000000000
"15","700",0.4279814966,2611.0267551000,-73.5888159230,7.0433044968,95.0000000000
"15","701",0.4322131253,2616.0267569000,-73.5895545510,7.0474711634,100.0000000000
"15","702",0.4364447541,2619.0267599000,-73.5902931780,7.0516378301,103.0000000000
"15","703",0.4406763828,2621.0267643000,-73.5910318060,7.0558044968,105.0000000000
"15","704",0.4443393034,2622.0267711000,-73.5916711660,7.0594111858,104.0000000000
"15","705",0.4487982792,2627.0267730000,-73.5900832890,7.0635778524,109.0000000000
"15","706",0.4532572550,2632.0267750000,-73.5884954120,7.0677445191,114.0000000000
"15","707",0.4577162307,2633.0267850000,-73.5869075340,7.0719111858,113.0000000000
"15","708",0.4621752065,2634.0267949000,-73.5853196570,7.0760778524,112.0000000000
"15","709",0.4666341823,2646.0267957000,-73.5837317800,7.0802445191,124.0000000000
"15","710",0.4710931581,2656.0267967000,-73.5821439030,7.0844111858,134.0000000000
"15","711",0.4755521339,2660.0267992000,-73.5805560260,7.0885778524,138.0000000000
"15","712",0.4800111097,2665.0268012000,-73.5789681480,7.0927445191,133.0000000000
"15","713",0.4844700855,2673.0268025000,-73.5773802710,7.0969111858,125.0000000000
"15","714",0.4889290613,2687.0268032000,-73.5757923940,7.1010778524,111.0000000000
"15","715",0.4933880371,2693.0268048000,-73.5742045170,7.1052445191,105.0000000000
"15","716",0.4978470129,2708.0268055000,-73.5726166400,7.1094111858,120.0000000000
"15","717",0.5023059887,2711.0268088000,-73.5710287620,7.1135778524,117.0000000000
"15","718",0.5067649645,2713.0268138000,-73.5694408850,7.1177445191,119.0000000000
"15","719",0.5112239403,2714.0268237000,-73.5678530080,7.1219111858,120.0000000000
"15","720",0.5156829161,2714.0312827000,-73.5662651310,7.1260778524,120.0000000000
"15","721",0.5201418919,2718.0312852000,-73.5646772540,7.1302445191,124.0000000000
"15","722",0.5246008677,2722.0312877000,-73.5630893760,7.1344111858,128.0000000000
"16","723",0.0000000000,0.0000000000,-73.9640785770,6.9797761245,78.0000000000
"16","724",0.0048189430,4.0000029028,-73.9599119110,6.9773551535,82.0000000000
"16","725",0.0096378860,5.0000145138,-73.9557452440,6.9749341825,81.0000000000
"16","726",0.0144568290,9.0000174166,-73.9515785770,6.9725132115,85.0000000000
"16","727",0.0169055883,12.0000184160,-73.9494612740,6.9712829883,82.0000000000
"16","728",0.0218793445,15.0000225390,-73.9521773630,6.9671163217,85.0000000000
"16","729",0.0268531007,16.0000349080,-73.9548934520,6.9629496550,84.0000000000
"16","730",0.0318268569,20.0000380000,-73.9576095410,6.9587829883,80.0000000000
"16","731",0.0368006131,21.0000503690,-73.9603256300,6.9546163217,81.0000000000
"16","732",0.0417743693,22.0000627380,-73.9630417190,6.9504496550,80.0000000000
"16","733",0.0456316817,23.0000701780,-73.9651481360,6.9472182672,79.0000000000
"16","734",0.0502478671,27.0000728420,-73.9693148030,6.9452312955,75.0000000000
"16","735",0.0548640525,30.0000763930,-73.9734814700,6.9432443237,78.0000000000
"16","736",0.0567906869,36.0000767020,-73.9752204900,6.9424150312,84.0000000000
"16","737",0.0609935810,37.0000855340,-73.9793871570,6.9418643885,83.0000000000
"16","738",0.0651964750,43.0000870070,-73.9835538240,6.9413137458,77.0000000000
"16","739",0.0660502042,43.0009407360,-73.9844001940,6.9412018943,77.0000000000
"16","740",0.0705098932,44.0009506800,-73.9883219100,6.9433253289,78.0000000000
"16","741",0.0755139795,52.0009522450,-73.9855506700,6.9474919955,86.0000000000
"16","742",0.0805180658,53.0009647650,-73.9827794310,6.9516586622,85.0000000000
"16","743",0.0855221521,57.0009678960,-73.9800081910,6.9558253289,89.0000000000
"16","744",0.0905262383,60.0009720690,-73.9772369520,6.9599919955,86.0000000000
"16","745",0.0955303246,65.0009745730,-73.9744657120,6.9641586622,81.0000000000
"16","746",0.1005344109,68.0009787470,-73.9716944730,6.9683253289,78.0000000000
"16","747",0.1055384971,69.0009912670,-73.9689232330,6.9724919955,77.0000000000
"16","748",0.1105425834,71.0009975270,-73.9661519940,6.9766586622,79.0000000000
"17","749",0.0000000000,0.0000000000,-73.9448265190,7.0123317169,78.0000000000
"17","750",0.0045692789,2.0000052196,-73.9406598530,7.0104562974,76.0000000000
"17","751",0.0091385577,3.0000156587,-73.9364931860,7.0085808779,75.0000000000
"17","752",0.0137078366,9.0000173985,-73.9323265190,7.0067054585,81.0000000000
"17","753",0.0182771155,13.0000200080,-73.9281598530,7.0048300390,77.0000000000
"17","754",0.0224155551,15.0000242900,-73.9243860630,7.0031314536,75.0000000000
"17","755",0.0269032489,16.0000343600,-73.9260528820,6.9989647869,76.0000000000
"17","756",0.0313909427,16.0045220530,-73.9277197000,6.9947981202,76.0000000000
"17","757",0.0358786365,20.0045245710,-73.9293865190,6.9906314536,80.0000000000
"17","758",0.0396934476,27.0045256100,-73.9308034160,6.9870895349,87.0000000000
"17","759",0.0453733417,33.0045282990,-73.9349700820,6.9832294720,93.0000000000
"17","760",0.0510532358,35.0045363640,-73.9391367490,6.9793694091,95.0000000000
"17","761",0.0567331299,45.0045379770,-73.9433034160,6.9755093462,85.0000000000
"17","762",0.0591333854,46.0045408580,-73.9450641990,6.9738781296,86.0000000000
"17","763",0.0640889736,46.0094964460,-73.9492308660,6.9765608042,86.0000000000
"17","764",0.0690445617,46.0144520340,-73.9533975330,6.9792434788,86.0000000000
"17","765",0.0740001499,52.0144540810,-73.9575641990,6.9819261534,92.0000000000
"17","766",0.0789557381,61.0144554450,-73.9617308660,6.9846088280,83.0000000000
"17","767",0.0800518744,65.0144555950,-73.9626524990,6.9852022141,79.0000000000
"17","768",0.0847438738,70.0144577970,-73.9604952440,6.9893688808,84.0000000000
"17","769",0.0894358732,77.0144593690,-73.9583379900,6.9935355474,77.0000000000
"17","770",0.0941278727,79.0144648730,-73.9561807350,6.9977022141,75.0000000000
"17","771",0.0988198721,81.0144703760,-73.9540234800,7.0018688808,77.0000000000
"17","772",0.0991790305,81.0148295350,-73.9538583490,7.0021878266,77.0000000000
"17","773",0.1047579486,84.0148347220,-73.9501484680,7.0063544932,74.0000000000
"17","774",0.1103368666,88.0148386130,-73.9464385880,7.0105211599,78.0000000000
"18","775",0.0000000000,0.0000000000,-73.8169548260,6.9021525881,92.0000000000
"18","776",0.0042967511,11.0000008390,-73.8159055600,6.8979859214,81.0000000000
"18","777",0.0048665016,11.0005705900,-73.8157664270,6.8974334201,81.0000000000
"18","778",0.0069013160,13.0005716250,-73.8145780290,6.8957817002,83.0000000000
"18","779",0.0110706780,13.0047409870,-73.8144281360,6.8916150336,83.0000000000
"18","780",0.0135125270,13.0071828360,-73.8143403490,6.8891747631,83.0000000000
"18","781",0.0158393004,13.0095096090,-73.8133896300,6.8870510852,83.0000000000
"18","782",0.0205857896,19.0095114870,-73.8156629640,6.8828844185,89.0000000000
"18","783",0.0222905625,19.0112162590,-73.8164794670,6.8813878976,89.0000000000
"18","784",0.0264572292,21.0112206000,-73.8206461330,6.8813878976,87.0000000000
"18","785",0.0265687976,21.0113321680,-73.8207577020,6.8813878976,87.0000000000
"18","786",0.0314615704,26.0113345620,-73.8233224850,6.8855545642,82.0000000000
"18","787",0.0315563693,26.0114293610,-73.8233721790,6.8856352946,82.0000000000
"18","788",0.0357385367,27.0114381060,-73.8237319190,6.8898019613,81.0000000000
"18","789",0.0398458120,29.0114423240,-73.8240852180,6.8938940133,79.0000000000
"18","790",0.0444739470,33.0114450010,-73.8220706400,6.8980606800,83.0000000000
"18","791",0.0463981367,33.0133691910,-73.8212330610,6.8997930100,83.0000000000
"18","792",0.0511565104,42.0133704490,-73.8170663940,6.9020910547,92.0000000000
"19","793",0.0000000000,0.0000000000,-73.7854028420,7.0317932134,107.0000000000
"19","794",0.0041720599,6.0000014505,-73.7812361760,7.0315811451,101.0000000000
"19","795",0.0083441199,15.0000024180,-73.7770695090,7.0313690768,92.0000000000
"19","796",0.0125161798,22.0000036610,-73.7729028420,7.0311570085,85.0000000000
"19","797",0.0166882397,26.0000058370,-73.7687361760,7.0309449402,81.0000000000
"19","798",0.0208602997,28.0000101880,-73.7645695090,7.0307328719,79.0000000000
"19","799",0.0232037692,31.0000111030,-73.7622290690,7.0306137519,82.0000000000
"19","800",0.0283482740,31.0051556080,-73.7592116500,7.0264470852,82.0000000000
"19","801",0.0334927788,34.0051600190,-73.7561942300,7.0222804186,85.0000000000
"19","802",0.0386372836,36.0051666360,-73.7531768110,7.0181137519,83.0000000000
"19","803",0.0437817884,39.0051710470,-73.7501593920,7.0139470852,80.0000000000
"19","804",0.0465044127,42.0051722820,-73.7485624840,7.0117419619,77.0000000000
"19","805",0.0508290197,48.0051738410,-73.7474044190,7.0075752952,83.0000000000
"19","806",0.0551536268,51.0051769580,-73.7462463540,7.0034086286,80.0000000000
"19","807",0.0594782338,57.0051785160,-73.7450882890,6.9992419619,86.0000000000
"19","808",0.0638028409,68.0051793660,-73.7439302240,6.9950752952,97.0000000000
"19","809",0.0642559422,68.0056324680,-73.7438088900,6.9946387417,97.0000000000
"19","810",0.0684330827,71.0056353760,-73.7441045110,6.9904720751,94.0000000000
"19","811",0.0726102232,93.0056357720,-73.7444001310,6.9863054084,116.0000000000
"19","812",0.0767873637,103.0056366400,-73.7446957520,6.9821387417,106.0000000000
"19","813",0.0809645042,118.0056372300,-73.7449913730,6.9779720751,91.0000000000
"19","814",0.0851416447,119.0056459500,-73.7452869940,6.9738054084,92.0000000000
"19","815",0.0852461265,119.0057504300,-73.7452943880,6.9737011886,92.0000000000
"19","816",0.0894313356,120.0057591900,-73.7456879170,6.9695345219,91.0000000000
"19","817",0.0936165448,126.0057606500,-73.7460814450,6.9653678553,85.0000000000
"19","818",0.0978017540,130.0057628400,-73.7464749740,6.9612011886,89.0000000000
"19","819",0.1019869631,133.0057657600,-73.7468685020,6.9570345219,92.0000000000
"19","820",0.1042042094,133.0079830000,-73.7470769860,6.9548270992,92.0000000000
"19","821",0.1087524077,134.0079933500,-73.7489004430,6.9506604325,91.0000000000
"19","822",0.1133006059,135.0080036900,-73.7507239010,6.9464937658,92.0000000000
"19","823",0.1178488042,145.0080047300,-73.7525473580,6.9423270992,102.0000000000
"19","824",0.1223970024,147.0080099000,-73.7543708150,6.9381604325,100.0000000000
"19","825",0.1269452006,159.0080107600,-73.7561942720,6.9339937658,112.0000000000
"19","826",0.1314933989,165.0080124800,-73.7580177290,6.9298270992,118.0000000000
"19","827",0.1360415971,168.0080159300,-73.7598411870,6.9256604325,121.0000000000
"19","828",0.1405897954,169.0080262700,-73.7616646440,6.9214937658,120.0000000000
"19","829",0.1434797194,172.0080276700,-73.7628232680,6.9188462669,117.0000000000
"19","830",0.1476463861,177.0080294000,-73.7628232680,6.9146796002,122.0000000000
"19","831",0.1484936599,177.0088766800,-73.7628232680,6.9138323264,122.0000000000
"19","832",0.1528381361,194.0088772300,-73.7615930800,6.9096656597,105.0000000000
"19","833",0.1571826123,196.0088819500,-73.7603628920,6.9054989930,103.0000000000
"19","834",0.1615270884,202.0088835200,-73.7591327050,6.9013323264,109.0000000000
"19","835",0.1658715646,220.0088840500,-73.7579025170,6.8971656597,127.0000000000
"19","836",0.1663304652,220.0093429500,-73.7577725740,6.8967255409,127.0000000000
"19","837",0.1705008000,229.0093439100,-73.7575976990,6.8925588742,118.0000000000
"19","838",0.1734155477,235.0093446200,-73.7574754740,6.8896466902,112.0000000000
"19","839",0.1776853168,243.0093457600,-73.7584081140,6.8854800235,104.0000000000
"19","840",0.1819550859,249.0093472800,-73.7593407540,6.8813133569,98.0000000000
"19","841",0.1862248550,251.0093518400,-73.7602733940,6.8771466902,96.0000000000
"19","842",0.1904946241,252.0093609500,-73.7612060330,6.8729800235,97.0000000000
"19","843",0.1947643932,262.0093618600,-73.7621386730,6.8688133569,107.0000000000
"19","844",0.1951782386,262.0097757100,-73.7622290690,6.8684095046,107.0000000000
"19","845",0.2000803828,269.0097774300,-73.7648116850,6.8642428379,114.0000000000
"19","846",0.2042011843,291.0097778100,-73.7669826630,6.8607402877,92.0000000000
"19","847",0.2098609405,293.0097858200,-73.7711493300,6.8645706571,90.0000000000
"19","848",0.2150973798,295.0097926800,-73.7750043540,6.8681145370,88.0000000000
"19","849",0.2193547952,297.0097972100,-73.7758786970,6.8722812037,86.0000000000
"19","850",0.2236122107,300.0098002300,-73.7767530400,6.8764478703,83.0000000000
"19","851",0.2278696261,309.0098012300,-73.7776273820,6.8806145370,92.0000000000
"19","852",0.2295639801,309.0114955900,-73.7779753510,6.8822727751,92.0000000000
"19","853",0.2337382879,312.0114984900,-73.7782278070,6.8864394417,95.0000000000
"19","854",0.2379125956,315.0115014000,-73.7784802630,6.8906061084,98.0000000000
"19","855",0.2420869034,317.0115057500,-73.7787327190,6.8947727751,100.0000000000
"19","856",0.2462612111,317.0156800600,-73.7789851750,6.8989394417,100.0000000000
"19","857",0.2504355189,319.0156844200,-73.7792376310,6.9031061084,102.0000000000
"19","858",0.2546098266,320.0156931300,-73.7794900870,6.9072727751,103.0000000000
"19","859",0.2587841343,321.0157018400,-73.7797425430,6.9114394417,104.0000000000
"19","860",0.2629584421,332.0157026300,-73.7799949990,6.9156061084,115.0000000000
"19","861",0.2671327498,347.0157032100,-73.7802474550,6.9197727751,130.0000000000
"19","862",0.2688638279,356.0157033800,-73.7803521480,6.9215006844,139.0000000000
"19","863",0.2730663083,371.0157039700,-73.7798046720,6.9256673511,124.0000000000
"19","864",0.2772687886,377.0157054400,-73.7792571960,6.9298340178,118.0000000000
"19","865",0.2814712690,384.0157067000,-73.7787097200,6.9340006844,111.0000000000
"19","866",0.2825472281,384.0167826600,-73.7785695500,6.9350674742,111.0000000000
"19","867",0.2869154849,386.0167874300,-73.7772578500,6.9392341408,109.0000000000
"19","868",0.2912837417,390.0167898200,-73.7759461500,6.9434008075,105.0000000000
"19","869",0.2956519985,395.0167917300,-73.7746344510,6.9475674742,100.0000000000
"19","870",0.2973883633,395.0185280900,-73.7741130550,6.9492237078,100.0000000000
"19","871",0.3015550300,396.0185367700,-73.7741130550,6.9533903744,101.0000000000
"19","872",0.3024019272,400.0185368600,-73.7741130550,6.9542372716,97.0000000000
"19","873",0.3072221380,401.0185484800,-73.7776782510,6.9574813139,96.0000000000
"19","874",0.3119183841,402.0185595100,-73.7818449180,6.9553148382,95.0000000000
"19","875",0.3142542138,415.0185597200,-73.7839173440,6.9542372716,108.0000000000
"19","876",0.3184279775,428.0185603900,-73.7880840110,6.9539939766,121.0000000000
"19","877",0.3226017412,430.0185647400,-73.7922506770,6.9537506815,123.0000000000
"19","878",0.3243728078,430.0203358100,-73.7940187320,6.9536474434,123.0000000000
"19","879",0.3286110285,435.0203376000,-73.7981853990,6.9544229454,128.0000000000
"19","880",0.3328492492,456.0203380300,-73.8023520660,6.9551984473,107.0000000000
"19","881",0.3340432635,456.0215320500,-73.8035259210,6.9554169259,107.0000000000
"19","882",0.3389114458,468.0215330300,-73.8076925880,6.9579344818,95.0000000000
"19","883",0.3420270343,478.0215335200,-73.8103592140,6.9595456927,105.0000000000
"19","884",0.3463238208,479.0215427500,-73.8114086240,6.9637123594,104.0000000000
"19","885",0.3506206072,485.0215442900,-73.8124580350,6.9678790260,98.0000000000
"19","886",0.3529752414,489.0215449800,-73.8130331110,6.9701623547,94.0000000000
"19","887",0.3571580664,501.0215457100,-73.8126658030,6.9743290214,82.0000000000
"19","888",0.3613408915,504.0215486300,-73.8122984960,6.9784956880,79.0000000000
"19","889",0.3655237166,507.0215515400,-73.8119311890,6.9826623547,82.0000000000
"19","890",0.3697065417,526.0215520000,-73.8115638820,6.9868290214,101.0000000000
"19","891",0.3738893667,536.0215528800,-73.8111965750,6.9909956880,111.0000000000
"19","892",0.3766584511,543.0215534200,-73.8109534130,6.9937540754,118.0000000000
"19","893",0.3810898324,545.0215583300,-73.8094447620,6.9979207420,120.0000000000
"19","894",0.3855212137,557.0215591500,-73.8079361100,7.0020874087,108.0000000000
"19","895",0.3899525950,568.0215600400,-73.8064274590,7.0062540754,97.0000000000
"19","896",0.3943839762,579.0215609400,-73.8049188080,7.0104207420,108.0000000000
"19","897",0.3967299694,594.0215611200,-73.8041201210,7.0126265941,123.0000000000
"19","898",0.4015434327,595.0215727100,-73.8017100760,7.0167932608,122.0000000000
"19","899",0.4063568960,596.0215842900,-73.7993000300,7.0209599275,121.0000000000
"19","900",0.4111703592,606.0215854500,-73.7968899850,7.0251265941,111.0000000000
"19","901",0.4151248231,609.0215880500,-73.7949100310,7.0285496872,108.0000000000
"19","902",0.4195273042,620.0215889400,-73.7907433650,7.0299712106,97.0000000000
"19","903",0.4239297853,630.0215899100,-73.7865766980,7.0313927341,107.0000000000
"20","904",0.0000000000,0.0000000000,-73.9086992010,7.0860451944,72.0000000000
"20","905",0.0049974806,4.0000031219,-73.9059399070,7.0902118611,68.0000000000
"20","906",0.0099949611,8.0000062437,-73.9031806140,7.0943785278,72.0000000000
"20","907",0.0149924417,10.0000124870,-73.9004213200,7.0985451944,74.0000000000
"20","908",0.0199899222,14.0000156090,-73.8976620270,7.1027118611,70.0000000000
"20","909",0.0249874028,14.0050130900,-73.8949027330,7.1068785278,70.0000000000
"20","910",0.0299848833,14.0100105700,-73.8921434400,7.1110451944,70.0000000000
"20","911",0.0349823639,14.0150080510,-73.8893841460,7.1152118611,70.0000000000
"20","912",0.0399798444,14.0200055310,-73.8866248530,7.1193785278,70.0000000000
"20","913",0.0449773250,15.0200180190,-73.8838655590,7.1235451944,69.0000000000
"20","914",0.0495043306,16.0200282660,-73.8813660320,7.1273196009,70.0000000000
"20","915",0.0542995917,17.0200397630,-73.8789925500,7.1314862676,71.0000000000
"20","916",0.0590948529,20.0200435950,-73.8766190670,7.1356529343,68.0000000000
"20","917",0.0638901141,22.0200493440,-73.8742455850,7.1398196009,70.0000000000
"20","918",0.0686853753,22.0248446050,-73.8718721030,7.1439862676,70.0000000000
"20","919",0.0734806365,24.0248503540,-73.8694986200,7.1481529343,72.0000000000
"20","920",0.0782758977,25.0248618510,-73.8671251380,7.1523196009,71.0000000000
"20","921",0.0807170600,30.0248624470,-73.8659168500,7.1544407595,66.0000000000
"20","922",0.0852453103,31.0248726990,-73.8641437340,7.1586074262,65.0000000000
"20","923",0.0897735606,31.0294009500,-73.8623706180,7.1627740929,65.0000000000
"20","924",0.0943018109,31.0339292000,-73.8605975020,7.1669407595,65.0000000000
"20","925",0.0988300612,31.0384574500,-73.8588243870,7.1711074262,65.0000000000
"20","926",0.1033583115,31.0429857010,-73.8570512710,7.1752740929,65.0000000000
"20","927",0.1078865618,31.0475139510,-73.8552781550,7.1794407595,65.0000000000
"20","928",0.1095493452,31.0491767340,-73.8546270630,7.1809707686,65.0000000000
"20","929",0.1146068173,31.0542342060,-73.8517605470,7.1851374353,65.0000000000
"20","930",0.1196642894,33.0542406010,-73.8488940310,7.1893041019,67.0000000000
"20","931",0.1247217616,33.0592980730,-73.8460275150,7.1934707686,67.0000000000
"20","932",0.1297792337,35.0593044670,-73.8431609990,7.1976374353,69.0000000000
"20","933",0.1348367058,37.0593108620,-73.8402944840,7.2018041019,71.0000000000
"20","934",0.1398941779,41.0593140590,-73.8374279680,7.2059707686,75.0000000000
"20","935",0.1449516500,45.0593172560,-73.8345614520,7.2101374353,79.0000000000
"20","936",0.1500091221,48.0593215190,-73.8316949360,7.2143041019,76.0000000000
"20","937",0.1546289142,50.0593268550,-73.8290764920,7.2181101800,74.0000000000
"20","938",0.1591678255,51.0593371560,-73.8249098250,7.2163100122,73.0000000000
"20","939",0.1637067367,53.0593423060,-73.8207431590,7.2145098444,75.0000000000
"20","940",0.1682456479,54.0593526070,-73.8165764920,7.2127096766,76.0000000000
"20","941",0.1727845592,56.0593577580,-73.8124098250,7.2109095088,74.0000000000
"20","942",0.1773234704,58.0593629080,-73.8082431590,7.2091093410,72.0000000000
"20","943",0.1818623816,58.0639018190,-73.8040764920,7.2073091732,72.0000000000
"20","944",0.1864012929,62.0639043940,-73.7999098250,7.2055090054,76.0000000000
"20","945",0.1909402041,67.0639064550,-73.7957431590,7.2037088376,81.0000000000
"20","946",0.1947605416,67.0677267920,-73.7922361340,7.2021936618,81.0000000000
"20","947",0.1991290080,70.0677299730,-73.7935485320,7.1980269951,84.0000000000
"20","948",0.2034974744,73.0677331530,-73.7948609300,7.1938603285,87.0000000000
"20","949",0.2078659408,83.0677341070,-73.7961733270,7.1896936618,97.0000000000
"20","950",0.2122344072,89.0677356980,-73.7974857250,7.1855269951,103.0000000000
"20","951",0.2166028736,89.0721041640,-73.7987981230,7.1813603285,103.0000000000
"20","952",0.2209713401,91.0721089350,-73.8001105210,7.1771936618,101.0000000000
"20","953",0.2244284513,103.0721094300,-73.8011491240,7.1738962506,89.0000000000
"20","954",0.2291636535,108.0721116800,-73.8033987970,7.1697295839,94.0000000000
"20","955",0.2338988558,125.0721123300,-73.8056484700,7.1655629173,77.0000000000
"20","956",0.2386340581,125.0768475400,-73.8078981440,7.1613962506,77.0000000000
"20","957",0.2433692603,133.0768489400,-73.8101478170,7.1572295839,85.0000000000
"20","958",0.2481044626,140.0768505400,-73.8123974900,7.1530629173,92.0000000000
"20","959",0.2528396648,149.0768517900,-73.8146471630,7.1488962506,83.0000000000
"20","960",0.2575748671,159.0768529100,-73.8168968360,7.1447295839,93.0000000000
"20","961",0.2619492878,162.0768561000,-73.8189751040,7.1408803813,90.0000000000
"20","962",0.2672212703,172.0768574900,-73.8222050710,7.1367137146,100.0000000000
"20","963",0.2724932528,175.0768621200,-73.8254350380,7.1325470479,97.0000000000
"20","964",0.2777652353,180.0768649000,-73.8286650050,7.1283803813,102.0000000000
"20","965",0.2830372178,195.0768658200,-73.8318949730,7.1242137146,87.0000000000
"20","966",0.2883092002,200.0768686000,-73.8351249400,7.1200470479,92.0000000000
"20","967",0.2935811827,220.0768693000,-73.8383549070,7.1158803813,72.0000000000
"20","968",0.2988531652,226.0768716100,-73.8415848740,7.1117137146,66.0000000000
"20","969",0.3041251477,226.0821436000,-73.8448148410,7.1075470479,66.0000000000
"20","970",0.3093971302,229.0821482300,-73.8480448090,7.1033803813,69.0000000000
"20","971",0.3146691127,229.0874202100,-73.8512747760,7.0992137146,69.0000000000
"20","972",0.3199410951,229.0926921900,-73.8545047430,7.0950470479,69.0000000000
"20","973",0.3252130776,233.0926956700,-73.8577347100,7.0908803813,73.0000000000
"20","974",0.3304850601,234.0927095600,-73.8609646770,7.0867137146,72.0000000000
"20","975",0.3357570426,241.0927115500,-73.8641946450,7.0825470479,79.0000000000
"20","976",0.3395378996,241.0964924100,-73.8665110490,7.0795588796,79.0000000000
"20","977",0.3444275063,244.0964963900,-73.8706777160,7.0770001412,76.0000000000
"20","978",0.3493171130,247.0965003800,-73.8748443830,7.0744414027,73.0000000000
"20","979",0.3542067197,249.0965063500,-73.8790110490,7.0718826642,75.0000000000
"20","980",0.3590963264,251.0965123300,-73.8831777160,7.0693239257,77.0000000000
"20","981",0.3639859332,259.0965138200,-73.8873443830,7.0667651872,69.0000000000
"20","982",0.3651852158,260.0965145400,-73.8883663480,7.0661376008,68.0000000000
"20","983",0.3710164769,264.0965187900,-73.8925330150,7.0702171222,72.0000000000
"20","984",0.3768477380,266.0965273000,-73.8966996820,7.0742966436,70.0000000000
"20","985",0.3826789991,267.0965443000,-73.9008663480,7.0783761650,71.0000000000
"20","986",0.3885102602,267.1023755600,-73.9050330150,7.0824556864,71.0000000000
"21","987",0.0000000000,0.0000000000,-73.7311524440,6.8275547545,103.0000000000
"21","988",0.0032770992,30.0000001790,-73.7286568070,6.8254308019,133.0000000000
"21","989",0.0078517085,41.0000011300,-73.7267684380,6.8212641352,122.0000000000
"21","990",0.0110501765,52.0000015950,-73.7254481310,6.8183508919,111.0000000000
"21","991",0.0152205101,54.0000059430,-73.7256229770,6.8141842252,109.0000000000
"21","992",0.0193908437,60.0000073920,-73.7257978230,6.8100175585,115.0000000000
"21","993",0.0195536837,60.0001702320,-73.7258046500,6.8098548617,115.0000000000
"21","994",0.0237265865,71.0001710240,-73.7260327010,6.8056881951,126.0000000000
"21","995",0.0278994894,83.0001717490,-73.7262607510,6.8015215284,138.0000000000
"21","996",0.0320723922,87.0001739260,-73.7264888020,6.7973548617,142.0000000000
"21","997",0.0362452950,88.0001826330,-73.7267168520,6.7931881951,141.0000000000
"21","998",0.0404181979,99.0001834240,-73.7269449030,6.7890215284,130.0000000000
"21","999",0.0445911007,103.0001856000,-73.7271729530,6.7848548617,134.0000000000
"21","1000",0.0487640036,108.0001873400,-73.7274010040,6.7806881951,129.0000000000
"21","1001",0.0521719375,113.0001885000,-73.7275872480,6.7772853541,124.0000000000
"21","1002",0.0565400534,120.0001898700,-73.7262760180,6.7731186874,131.0000000000
"21","1003",0.0609081693,120.0045579800,-73.7249647880,6.7689520207,131.0000000000
"21","1004",0.0640487125,129.0045585300,-73.7240220530,6.7659563134,122.0000000000
"21","1005",0.0684859494,129.0089957700,-73.7255478180,6.7617896467,122.0000000000
"21","1006",0.0723433668,130.0090032100,-73.7268742090,6.7581674437,123.0000000000
"21","1007",0.0771214727,134.0090060600,-73.7300828860,6.7546270069,119.0000000000
"21","1008",0.0816718800,143.0090072100,-73.7319118460,6.7587936736,110.0000000000
"21","1009",0.0862222873,158.0090079000,-73.7337408060,6.7629603402,125.0000000000
"21","1010",0.0907726945,163.0090099700,-73.7355697660,6.7671270069,120.0000000000
"21","1011",0.0922006744,163.0104379500,-73.7361437190,6.7684345638,120.0000000000
"21","1012",0.0963673411,164.0104466300,-73.7361437190,6.7726012304,119.0000000000
"21","1013",0.1005340077,167.0104495300,-73.7361437190,6.7767678971,122.0000000000
"21","1014",0.1047006744,182.0104501000,-73.7361437190,6.7809345638,107.0000000000
"21","1015",0.1088673411,183.0104587800,-73.7361437190,6.7851012304,108.0000000000
"21","1016",0.1130340077,199.0104593300,-73.7361437190,6.7892678971,124.0000000000
"21","1017",0.1172006744,208.0104602900,-73.7361437190,6.7934345638,115.0000000000
"21","1018",0.1183985423,208.0116581600,-73.7361437190,6.7946324316,115.0000000000
"21","1019",0.1225683335,211.0116610600,-73.7359823260,6.7987990983,118.0000000000
"21","1020",0.1267381247,224.0116617300,-73.7358209330,6.8029657649,131.0000000000
"21","1021",0.1309079159,226.0116660700,-73.7356595400,6.8071324316,129.0000000000
"21","1022",0.1350777071,227.0116747700,-73.7354981470,6.8112990983,130.0000000000
"21","1023",0.1368208057,234.0116749800,-73.7354306790,6.8130408907,123.0000000000
"21","1024",0.1410034199,252.0116754700,-73.7350657810,6.8172075573,105.0000000000
"21","1025",0.1449939463,253.0116834300,-73.7347176400,6.8211828684,104.0000000000
"21","1026",0.1497684851,254.0116948300,-73.7323863080,6.8253495351,103.0000000000
"22","1027",0.0000000000,0.0000000000,-73.6438051440,6.7787014655,178.0000000000
"22","1028",0.0058719773,9.0000019156,-73.6396384780,6.7828389775,187.0000000000
"22","1029",0.0090438117,10.0000069460,-73.6373877920,6.7850739152,186.0000000000
"22","1030",0.0119132233,10.0028763570,-73.6348921550,6.7836578225,186.0000000000
"22","1031",0.0161381706,14.0028785890,-73.6341928200,6.7794911559,190.0000000000
"22","1032",0.0203631179,23.0028795800,-73.6334934860,6.7753244892,181.0000000000
"22","1033",0.0205287121,23.0030451750,-73.6334660760,6.7751611792,181.0000000000
"22","1034",0.0251616637,27.0030478580,-73.6354916950,6.7709945125,177.0000000000
"22","1035",0.0297946153,31.0030505410,-73.6375173130,6.7668278459,173.0000000000
"22","1036",0.0319446499,37.0030509260,-73.6384573510,6.7648942022,179.0000000000
"22","1037",0.0348833856,37.0059896620,-73.6413095070,6.7656022766,179.0000000000
"22","1038",0.0391249976,43.0059911610,-73.6421033340,6.7697689432,173.0000000000
"22","1039",0.0433666096,46.0059941590,-73.6428971610,6.7739356099,176.0000000000
"22","1040",0.0476082216,48.0059986570,-73.6436909880,6.7781022766,178.0000000000
"23","1041",0.0000000000,0.0000000000,-73.7746478350,6.8477318337,113.0000000000
"23","1042",0.0036348065,0.0036348065,-73.7710826390,6.8484397859,113.0000000000
"23","1043",0.0079453415,4.0036371291,-73.7721869940,6.8442731192,117.0000000000
"23","1044",0.0122558764,14.0036380580,-73.7732913490,6.8401064525,127.0000000000
"23","1045",0.0165664114,31.0036386050,-73.7743957040,6.8359397859,110.0000000000
"23","1046",0.0175505288,31.0046227220,-73.7746478350,6.8349885144,110.0000000000
"23","1047",0.0218178066,33.0046272740,-73.7755690010,6.8308218477,112.0000000000
"23","1048",0.0260850844,37.0046295510,-73.7764901680,6.8266551810,116.0000000000
"23","1049",0.0303523622,39.0046341030,-73.7774113350,6.8224885144,118.0000000000
"23","1050",0.0324146233,49.0046343160,-73.7778565110,6.8204748759,108.0000000000
"23","1051",0.0375473953,62.0046353290,-73.7808538830,6.8163082092,121.0000000000
"23","1052",0.0426801673,66.0046386220,-73.7838512540,6.8121415425,117.0000000000
"23","1053",0.0446248792,66.0065833340,-73.7849869030,6.8105628700,117.0000000000
"23","1054",0.0489391896,74.0065844970,-73.7861059040,6.8063962033,125.0000000000
"23","1055",0.0501231269,74.0077684350,-73.7864129810,6.8052527826,125.0000000000
"23","1056",0.0553267598,81.0077703690,-73.7895301410,6.8010861159,118.0000000000
"23","1057",0.0605303927,93.0077714970,-73.7926473000,6.7969194492,106.0000000000
"23","1058",0.0655971896,98.0077740640,-73.7956824900,6.7928623503,111.0000000000
"23","1059",0.0693719939,104.0077752500,-73.7981781280,6.7956944773,117.0000000000
"23","1060",0.0738347796,115.0077761600,-73.7965795830,6.7998611439,106.0000000000
"23","1061",0.0773345896,120.0077773800,-73.7953259710,6.8031287312,111.0000000000
"23","1062",0.0815386534,122.0077818000,-73.7947664700,6.8072953978,113.0000000000
"23","1063",0.0857427172,123.0077906400,-73.7942069690,6.8114620645,112.0000000000
"23","1064",0.0880500720,130.0077910200,-73.7938998920,6.8137488942,105.0000000000
"23","1065",0.0926934666,134.0077937100,-73.7918505020,6.8179155609,109.0000000000
"23","1066",0.0973368612,142.0077950600,-73.7898011110,6.8220822276,101.0000000000
"23","1067",0.1019802558,153.0077960400,-73.7877517200,6.8262488942,112.0000000000
"23","1068",0.1050134959,158.0077969600,-73.7864129810,6.8289707177,117.0000000000
"23","1069",0.1099316768,163.0077993800,-73.7838000530,6.8331373844,112.0000000000
"23","1070",0.1148498577,167.0078024000,-73.7811871250,6.8373040510,108.0000000000
"23","1071",0.1197680386,172.0078048200,-73.7785741970,6.8414707177,113.0000000000
"23","1072",0.1246862196,172.0127230000,-73.7759612690,6.8456373844,113.0000000000
"24","1073",0.0000000000,0.0000000000,-73.3909423490,7.4872669810,123.0000000000
"24","1074",0.0048055578,13.0000008880,-73.3933365660,7.4831003144,136.0000000000
"24","1075",0.0096111156,15.0000066620,-73.3957307830,7.4789336477,134.0000000000
"24","1076",0.0100765220,22.0000066770,-73.3959626570,7.4785301163,127.0000000000
"24","1077",0.0144901136,27.0000086250,-73.3974182250,7.4743634496,122.0000000000
"24","1078",0.0189037051,28.0000183650,-73.3988737930,7.4701967829,123.0000000000
"24","1079",0.0233172966,31.0000216110,-73.4003293620,7.4660301163,126.0000000000
"24","1080",0.0262778867,31.0029822020,-73.4013057410,7.4632351608,126.0000000000
"24","1081",0.0315665614,32.0029961860,-73.4045628830,7.4590684941,125.0000000000
"24","1082",0.0334047645,43.0029963400,-73.4056949780,7.4576202712,114.0000000000
"24","1083",0.0378093190,54.0029972220,-73.4071229100,7.4617869379,125.0000000000
"24","1084",0.0422138735,57.0030004550,-73.4085508420,7.4659536045,128.0000000000
"24","1085",0.0439747701,69.0030005840,-73.4091217150,7.4676193959,116.0000000000
"24","1086",0.0482225348,81.0030013360,-73.4099477860,7.4717860626,104.0000000000
"24","1087",0.0524702995,81.0072491010,-73.4107738580,7.4759527292,104.0000000000
"24","1088",0.0567180642,93.0072498530,-73.4115999290,7.4801193959,116.0000000000
"24","1089",0.0600846870,98.0072509860,-73.4122546430,7.4834217433,121.0000000000
"24","1090",0.0642520804,102.0072531600,-73.4121768190,7.4875884100,117.0000000000
"24","1091",0.0678021208,102.0108032000,-73.4121105240,7.4911378313,117.0000000000
"24","1092",0.0725903024,111.0108044700,-73.4084182290,7.4941863787,108.0000000000
"24","1093",0.0772382637,112.0108152700,-73.4060362870,7.4981776062,107.0000000000
"24","1094",0.0814628614,113.0108242000,-73.4018696200,7.4974803871,108.0000000000
"24","1095",0.0856874591,117.0108264300,-73.3977029540,7.4967831680,104.0000000000
"24","1096",0.0884318206,120.0108276800,-73.3949962250,7.4963302441,107.0000000000
"24","1097",0.0929962994,122.0108328900,-73.3931325310,7.4921635775,109.0000000000
"24","1098",0.0975607782,139.0108335000,-73.3912688370,7.4879969108,126.0000000000
"25","1099",0.0000000000,0.0000000000,-73.7656026450,7.7584712613,45.0000000000
"25","1100",0.0041666742,1.0000086805,-73.7614359780,7.7584791872,46.0000000000
"25","1101",0.0083333484,1.0041753548,-73.7572693120,7.7584871131,46.0000000000
"25","1102",0.0125000226,3.0041796950,-73.7531026450,7.7584950390,44.0000000000
"25","1103",0.0166666968,3.0083463692,-73.7489359780,7.7585029650,44.0000000000
"25","1104",0.0208333710,3.0125130435,-73.7447693120,7.7585108909,44.0000000000
"25","1105",0.0250000452,6.0125159370,-73.7406026450,7.7585188168,47.0000000000
"25","1106",0.0291667194,6.0166826112,-73.7364359780,7.7585267427,47.0000000000
"25","1107",0.0333333936,8.0166869515,-73.7322693120,7.7585346687,45.0000000000
"25","1108",0.0375000678,9.0166956320,-73.7281026450,7.7585425946,44.0000000000
"25","1109",0.0416667421,10.0167043130,-73.7239359780,7.7585505205,45.0000000000
"25","1110",0.0458334163,10.0208709870,-73.7197693120,7.7585584464,45.0000000000
"25","1111",0.0500000905,11.0208796670,-73.7156026450,7.7585663724,44.0000000000
"25","1112",0.0541667647,13.0208840080,-73.7114359780,7.7585742983,46.0000000000
"25","1113",0.0583334389,14.0208926880,-73.7072693120,7.7585822242,45.0000000000
"25","1114",0.0625001131,15.0209013690,-73.7031026450,7.7585901501,46.0000000000
"25","1115",0.0633957086,15.0217969640,-73.7022070510,7.7585918538,46.0000000000
"25","1116",0.0675623769,16.0218056450,-73.7022107380,7.7544251871,45.0000000000
"25","1117",0.0717290452,16.0259723130,-73.7022144260,7.7502585204,45.0000000000
"25","1118",0.0758957135,17.0259809940,-73.7022181130,7.7460918538,46.0000000000
"25","1119",0.0800623818,18.0259896740,-73.7022218000,7.7419251871,47.0000000000
"25","1120",0.0842290501,20.0259940140,-73.7022254880,7.7377585204,49.0000000000
"25","1121",0.0883957184,21.0260026950,-73.7022291750,7.7335918538,50.0000000000
"25","1122",0.0925623867,23.0260070350,-73.7022328620,7.7294251871,48.0000000000
"25","1123",0.0963349352,24.0260141510,-73.7022362010,7.7256526400,47.0000000000
"25","1124",0.1008052563,25.0260241430,-73.7038556640,7.7214859734,48.0000000000
"25","1125",0.1052755774,25.0304944640,-73.7054751260,7.7173193067,48.0000000000
"25","1126",0.1097458985,25.0349647850,-73.7070945890,7.7131526400,48.0000000000
"25","1127",0.1142162196,25.0394351060,-73.7087140520,7.7089859734,48.0000000000
"25","1128",0.1186865407,26.0394450980,-73.7103335150,7.7048193067,49.0000000000
"25","1129",0.1231568619,27.0394550900,-73.7119529780,7.7006526400,50.0000000000
"25","1130",0.1276271830,28.0394650820,-73.7135724400,7.6964859734,51.0000000000
"25","1131",0.1320975041,29.0394750740,-73.7151919030,7.6923193067,52.0000000000
"25","1132",0.1365678252,29.0439453950,-73.7168113660,7.6881526400,52.0000000000
"25","1133",0.1410381463,30.0439553870,-73.7184308290,7.6839859734,51.0000000000
"25","1134",0.1455084674,30.0484257080,-73.7200502920,7.6798193067,51.0000000000
"25","1135",0.1499787885,31.0484357000,-73.7216697540,7.6756526400,52.0000000000
"25","1136",0.1544491096,33.0484406960,-73.7232892170,7.6714859734,50.0000000000
"25","1137",0.1554897696,34.0484412370,-73.7236662170,7.6705160021,51.0000000000
"25","1138",0.1596564375,36.0484455770,-73.7278328840,7.6705192200,53.0000000000
"25","1139",0.1638231054,37.0484542580,-73.7319995500,7.6705224379,52.0000000000
"25","1140",0.1679897733,37.0526209260,-73.7361662170,7.6705256558,52.0000000000
"25","1141",0.1721564412,38.0526296060,-73.7403328840,7.6705288737,53.0000000000
"25","1142",0.1763231091,39.0526382870,-73.7444995500,7.6705320916,54.0000000000
"25","1143",0.1804897770,41.0526426270,-73.7486662170,7.6705353095,52.0000000000
"25","1144",0.1846564449,43.0526469670,-73.7528328840,7.6705385275,50.0000000000
"25","1145",0.1888231128,44.0526556480,-73.7569995500,7.6705417454,49.0000000000
"25","1146",0.1929897807,45.0526643280,-73.7611662170,7.6705449633,48.0000000000
"25","1147",0.1971564487,46.0526730090,-73.7653328840,7.6705481812,47.0000000000
"25","1148",0.1974895627,46.0530061230,-73.7656659970,7.6705484384,47.0000000000
"25","1149",0.2016562305,49.0530090160,-73.7656629950,7.6747151051,50.0000000000
"25","1150",0.2058228982,49.0571756840,-73.7656599930,7.6788817718,50.0000000000
"25","1151",0.2099895659,49.0613423520,-73.7656569910,7.6830484384,50.0000000000
"25","1152",0.2141562337,50.0613510320,-73.7656539880,7.6872151051,51.0000000000
"25","1153",0.2183229014,51.0613597130,-73.7656509860,7.6913817718,50.0000000000
"25","1154",0.2224895692,52.0613683940,-73.7656479840,7.6955484384,49.0000000000
"25","1155",0.2266562369,53.0613770740,-73.7656449820,7.6997151051,48.0000000000
"25","1156",0.2308229047,54.0613857550,-73.7656419790,7.7038817718,47.0000000000
"25","1157",0.2349895724,54.0655524220,-73.7656389770,7.7080484384,47.0000000000
"25","1158",0.2391562402,57.0655553160,-73.7656359750,7.7122151051,50.0000000000
"25","1159",0.2433229079,58.0655639960,-73.7656329720,7.7163817718,49.0000000000
"25","1160",0.2474895757,58.0697306640,-73.7656299700,7.7205484384,49.0000000000
"25","1161",0.2516562434,58.0738973320,-73.7656269680,7.7247151051,49.0000000000
"25","1162",0.2558229112,60.0739016720,-73.7656239660,7.7288817718,47.0000000000
"25","1163",0.2599895789,63.0739045660,-73.7656209630,7.7330484384,50.0000000000
"25","1164",0.2641562467,64.0739132460,-73.7656179610,7.7372151051,51.0000000000
"25","1165",0.2683229144,69.0739149820,-73.7656149590,7.7413817718,46.0000000000
"25","1166",0.2724895822,69.0780816500,-73.7656119560,7.7455484384,46.0000000000
"25","1167",0.2766562499,70.0780903310,-73.7656089540,7.7497151051,47.0000000000
"25","1168",0.2808229177,71.0780990110,-73.7656059520,7.7538817718,46.0000000000
"25","1169",0.2849895854,73.0781033510,-73.7656029500,7.7580484384,44.0000000000
