LINE_ID,ID,DIST,DIST_SURF,X,Y,Z,Id_2,Campo,Compañia,Estado,Info_hidro,INFO
"0","1",0.0000000000,0.0000000000,-73.8853616510,7.4160688282,61.0000000000,"1",YARIGUI,ECOPETROLS.A.,PRODUCCIÓN,"0",
"0","2",0.0004513434,0.0004513434,-73.8852765120,7.4165120688,61.0000000000,"1",YARIGUI,ECOPETROLS.A.,PRODUCCIÓN,"0",
"0","3",0.0009227262,0.0009227262,-73.8852765120,7.4160406859,61.0000000000,"1",YARIGUI,ECOPETROLS.A.,PRODUCCIÓN,"0",
"0","4",0.0000000000,0.0000000000,-73.8895547470,7.4174548329,60.0000000000,"1",YARIGUI,ECOPETROLS.A.,PRODUCCIÓN,"0",
"0","6",0.0044162274,1.0000374648,-73.8853616510,7.4160688282,61.0000000000,"1",YARIGUI,ECOPETROLS.A.,PRODUCCIÓN,"0",
"0","9",0.0140449908,4.0011940590,-73.8871779500,7.4066129229,60.0000000000,"1",YARIGUI,ECOPETROLS.A.,PRODUCCIÓN,"0",
"0","11",0.0231292409,7.0012091454,-73.8914561850,7.3985991658,63.0000000000,"1",YARIGUI,ECOPETROLS.A.,PRODUCCIÓN,"0",
"0","12",0.0272959075,8.0012178259,-73.8914561850,7.3944324991,62.0000000000,"1",YARIGUI,ECOPETROLS.A.,PRODUCCIÓN,"0",
"0","13",0.0314625742,10.0012221660,-73.8914561850,7.3902658324,60.0000000000,"1",YARIGUI,ECOPETROLS.A.,PRODUCCIÓN,"0",
"0","14",0.0344430281,10.0042026200,-73.8914561850,7.3872853786,60.0000000000,"1",YARIGUI,ECOPETROLS.A.,PRODUCCIÓN,"0",
"0","18",0.0479474388,15.0049397540,-73.8943083420,7.3740855941,63.0000000000,"1",YARIGUI,ECOPETROLS.A.,PRODUCCIÓN,"0",
"0","20",0.0556183796,17.0049548840,-73.9014387330,7.3712570176,63.0000000000,"1",YARIGUI,ECOPETROLS.A.,PRODUCCIÓN,"0",
"0","22",0.0622355579,18.0091353200,-73.9009633740,7.3646569356,62.0000000000,"1",YARIGUI,ECOPETROLS.A.,PRODUCCIÓN,"0",
"0","24",0.0686965510,18.0155963130,-73.9071430470,7.3627711798,62.0000000000,"1",YARIGUI,ECOPETROLS.A.,PRODUCCIÓN,"0",
"0","29",0.0877690156,22.0220488170,-73.9099952040,7.3439131813,64.0000000000,"1",YARIGUI,ECOPETROLS.A.,PRODUCCIÓN,"0",
"0","31",0.0922749849,24.0221711390,-73.9142734390,7.3453275590,62.0000000000,"1",YARIGUI,ECOPETROLS.A.,PRODUCCIÓN,"0",
"0","33",0.0991438741,24.0290400280,-73.9161748770,7.3387270914,62.0000000000,"1",YARIGUI,ECOPETROLS.A.,PRODUCCIÓN,"0",
"0","36",0.1101837781,32.0336519010,-73.9261574250,7.3340124118,64.0000000000,"1",YARIGUI,ECOPETROLS.A.,PRODUCCIÓN,"0",
"0","37",0.1133517409,32.0368198640,-73.9275835030,7.3311835800,64.0000000000,"1",YARIGUI,ECOPETROLS.A.,PRODUCCIÓN,"0",
"0","43",0.1352385977,37.0462124970,-73.9494500380,7.3302406321,65.0000000000,"1",YARIGUI,ECOPETROLS.A.,PRODUCCIÓN,"0",
"0","46",0.1456543949,40.0524470790,-73.9504007570,7.3406129493,62.0000000000,"1",YARIGUI,ECOPETROLS.A.,PRODUCCIÓN,"0",
"0","51",0.1697344311,47.0573926400,-73.9299603010,7.3533422807,63.0000000000,"1",YARIGUI,ECOPETROLS.A.,PRODUCCIÓN,"0",
"1","67",0.0000000000,0.0000000000,-73.9019140930,7.0817050558,71.0000000000,"3",CASABE,ECOPETROLS.A.,PRODUCCIÓN,BUENA,"MODELO HIDROGEO, PMA, ICA,HIDROQUIMICA,IAA,CARTO"
"1","71",0.0206370307,3.0096128113,-73.8883663480,7.0661376008,68.0000000000,"27",LLANITO,ECOPETROLS.A.,PRODUCCIÓN,"0",
"1","71",0.0206370307,3.0096128113,-73.8883663480,7.0661376008,68.0000000000,"3",CASABE,ECOPETROLS.A.,PRODUCCIÓN,BUENA,"MODELO HIDROGEO, PMA, ICA,HIDROQUIMICA,IAA,CARTO"
"1","85",0.0837380319,22.0314907180,-73.9147487980,7.0088165515,69.0000000000,"3",CASABE,ECOPETROLS.A.,PRODUCCIÓN,BUENA,"MODELO HIDROGEO, PMA, ICA,HIDROQUIMICA,IAA,CARTO"
"1","87",0.0918637395,27.0315003010,-73.9225922290,7.0066934139,74.0000000000,"3",CASABE,ECOPETROLS.A.,PRODUCCIÓN,BUENA,"MODELO HIDROGEO, PMA, ICA,HIDROQUIMICA,IAA,CARTO"
"1","90",0.1017856945,32.0325106590,-73.9318617390,7.0102319712,79.0000000000,"3",CASABE,ECOPETROLS.A.,PRODUCCIÓN,BUENA,"MODELO HIDROGEO, PMA, ICA,HIDROQUIMICA,IAA,CARTO"
"1","92",0.1101243388,40.0325150220,-73.9397051700,7.0130627976,71.0000000000,"3",CASABE,ECOPETROLS.A.,PRODUCCIÓN,BUENA,"MODELO HIDROGEO, PMA, ICA,HIDROQUIMICA,IAA,CARTO"
"1","94",0.1179416101,41.0361569380,-73.9389921300,7.0208474817,72.0000000000,"3",CASABE,ECOPETROLS.A.,PRODUCCIÓN,BUENA,"MODELO HIDROGEO, PMA, ICA,HIDROQUIMICA,IAA,CARTO"
"1","107",0.1788179770,59.0499441290,-73.9104705630,7.0746290050,72.0000000000,"3",CASABE,ECOPETROLS.A.,PRODUCCIÓN,BUENA,"MODELO HIDROGEO, PMA, ICA,HIDROQUIMICA,IAA,CARTO"
"2","110",0.0000000000,0.0000000000,-73.4626111110,7.4046161936,106.0000000000,"7",PROVINCIA SUR,ECOPETROLS.A.,PRODUCCIÓN,MEDIA,"MOD HIDROGEO, ICA POZOS, RES. AVANCE 1"
"2","114",0.0212827322,37.0058532900,-73.4476834530,7.3894464957,143.0000000000,"7",PROVINCIA SUR,ECOPETROLS.A.,PRODUCCIÓN,MEDIA,"MOD HIDROGEO, ICA POZOS, RES. AVANCE 1"
"2","119",0.0408589497,62.0058750940,-73.4454461150,7.3699985495,138.0000000000,"7",PROVINCIA SUR,ECOPETROLS.A.,PRODUCCIÓN,MEDIA,"MOD HIDROGEO, ICA POZOS, RES. AVANCE 1"
"2","130",0.0865366586,118.0059155300,-73.4461900340,7.3243268989,140.0000000000,"7",PROVINCIA SUR,ECOPETROLS.A.,PRODUCCIÓN,MEDIA,"MOD HIDROGEO, ICA POZOS, RES. AVANCE 1"
"2","134",0.1066769882,145.0059271700,-73.4586672050,7.3085169941,143.0000000000,"7",PROVINCIA SUR,ECOPETROLS.A.,PRODUCCIÓN,MEDIA,"MOD HIDROGEO, ICA POZOS, RES. AVANCE 1"
"2","139",0.1309112633,177.0059413500,-73.4712866540,7.3292063535,121.0000000000,"7",PROVINCIA SUR,ECOPETROLS.A.,PRODUCCIÓN,MEDIA,"MOD HIDROGEO, ICA POZOS, RES. AVANCE 1"
"2","143",0.1467341232,199.0076579100,-73.4639315660,7.3432158351,139.0000000000,"7",PROVINCIA SUR,ECOPETROLS.A.,PRODUCCIÓN,MEDIA,"MOD HIDROGEO, ICA POZOS, RES. AVANCE 1"
"3","158",0.0000000000,0.0000000000,-73.6794458680,7.8381935656,42.0000000000,"8",SANTA LUCIA,ECOPETROLS.A.,PRODUCCIÓN,MEDIA,"PRUEBAS DE BOMBEO ,HIDROQUIMICA,PIEZOMETROS"
"3","171",0.0513388212,28.0000665650,-73.6281070470,7.8381935656,46.0000000000,"8",SANTA LUCIA,ECOPETROLS.A.,PRODUCCIÓN,MEDIA,"PRUEBAS DE BOMBEO ,HIDROQUIMICA,PIEZOMETROS"
"3","178",0.0803100756,32.0126042650,-73.6288200860,7.8092310872,46.0000000000,"8",SANTA LUCIA,ECOPETROLS.A.,PRODUCCIÓN,MEDIA,"PRUEBAS DE BOMBEO ,HIDROQUIMICA,PIEZOMETROS"
"3","186",0.1100152890,40.0173241220,-73.6273940070,7.7795601248,48.0000000000,"8",SANTA LUCIA,ECOPETROLS.A.,PRODUCCIÓN,MEDIA,"PRUEBAS DE BOMBEO ,HIDROQUIMICA,PIEZOMETROS"
"3","195",0.1471938867,48.0342230960,-73.6330983210,7.7428217398,50.0000000000,"8",SANTA LUCIA,ECOPETROLS.A.,PRODUCCIÓN,MEDIA,"PRUEBAS DE BOMBEO ,HIDROQUIMICA,PIEZOMETROS"
"3","210",0.2056673684,54.0719007920,-73.6915675340,7.7435282775,46.0000000000,"8",SANTA LUCIA,ECOPETROLS.A.,PRODUCCIÓN,MEDIA,"PRUEBAS DE BOMBEO ,HIDROQUIMICA,PIEZOMETROS"
"3","220",0.2441474964,67.0812114490,-73.6936826560,7.7819502310,45.0000000000,"8",SANTA LUCIA,ECOPETROLS.A.,PRODUCCIÓN,MEDIA,"PRUEBAS DE BOMBEO ,HIDROQUIMICA,PIEZOMETROS"
"3","221",0.2447271180,67.0817910710,-73.6940181950,7.7814776055,45.0000000000,"8",SANTA LUCIA,ECOPETROLS.A.,PRODUCCIÓN,MEDIA,"PRUEBAS DE BOMBEO ,HIDROQUIMICA,PIEZOMETROS"
"4","235",0.0000000000,0.0000000000,-73.7450454730,8.0479343089,41.0000000000,"9",LEBRIJA,ECOPETROLS.A.,PRODUCCIÓN,"0",
"4","238",0.0139607148,2.0096975064,-73.7379150810,8.0359318480,43.0000000000,"9",LEBRIJA,ECOPETROLS.A.,PRODUCCIÓN,"0",
"4","241",0.0259846915,5.0138826307,-73.7372020420,8.0239290320,40.0000000000,"9",LEBRIJA,ECOPETROLS.A.,PRODUCCIÓN,"0",
"4","244",0.0390585274,6.0214608108,-73.7457585120,8.0140440939,41.0000000000,"9",LEBRIJA,ECOPETROLS.A.,PRODUCCIÓN,"0",
"4","249",0.0568399373,8.0308655397,-73.7478976290,7.9963918216,39.0000000000,"9",LEBRIJA,ECOPETROLS.A.,PRODUCCIÓN,"0",
"4","253",0.0716638515,12.0329379900,-73.7624034290,7.9933372823,39.0000000000,"9",LEBRIJA,ECOPETROLS.A.,PRODUCCIÓN,"0",
"4","261",0.1008420412,21.0371552350,-73.7623809490,8.0225154633,40.0000000000,"9",LEBRIJA,ECOPETROLS.A.,PRODUCCIÓN,"0",
"5","268",0.0000000000,0.0000000000,-73.6088549890,8.0592304181,71.0000000000,"10",TISQUIRAMA,ECOPETROLS.A.,PRODUCCIÓN,MEDIA,"MOD HIDROGEO, ICA POZOS, RES. AVANCE 1"
"5","278",0.0406677531,15.0042241000,-73.5682117550,8.0606424095,86.0000000000,"10",TISQUIRAMA,ECOPETROLS.A.,PRODUCCIÓN,MEDIA,"MOD HIDROGEO, ICA POZOS, RES. AVANCE 1"
"5","300",0.1295492890,65.0255052350,-73.5529866740,7.9730745825,74.0000000000,"10",TISQUIRAMA,ECOPETROLS.A.,PRODUCCIÓN,MEDIA,"MOD HIDROGEO, ICA POZOS, RES. AVANCE 1"
"5","307",0.1598529490,97.0255228560,-73.5813391160,7.9623764123,64.0000000000,"10",TISQUIRAMA,ECOPETROLS.A.,PRODUCCIÓN,MEDIA,"MOD HIDROGEO, ICA POZOS, RES. AVANCE 1"
"5","315",0.2039794278,110.0366257300,-73.6102810670,7.9956857148,65.0000000000,"10",TISQUIRAMA,ECOPETROLS.A.,PRODUCCIÓN,MEDIA,"MOD HIDROGEO, ICA POZOS, RES. AVANCE 1"
"6","331",0.0000000000,0.0000000000,-73.6114165480,8.1271957371,88.0000000000,"11",LOS ANGELES,ECOPETROLS.A.,PRODUCCIÓN,MEDIA,"MOD HIDROGEO, ICA POZOS, RES. AVANCE 1"
"6","339",0.0297016029,5.0130653064,-73.5817149660,8.1271606012,93.0000000000,"11",LOS ANGELES,ECOPETROLS.A.,PRODUCCIÓN,MEDIA,"MOD HIDROGEO, ICA POZOS, RES. AVANCE 1"
"6","351",0.0801048908,34.0132671860,-73.5357498820,8.1064796309,122.0000000000,"11",LOS ANGELES,ECOPETROLS.A.,PRODUCCIÓN,MEDIA,"MOD HIDROGEO, ICA POZOS, RES. AVANCE 1"
"6","361",0.1188035033,69.0142784920,-73.5399167970,8.0680060109,103.0000000000,"11",LOS ANGELES,ECOPETROLS.A.,PRODUCCIÓN,MEDIA,"MOD HIDROGEO, ICA POZOS, RES. AVANCE 1"
"6","376",0.1783023131,101.0155122900,-73.5994152020,8.0682253756,71.0000000000,"11",LOS ANGELES,ECOPETROLS.A.,PRODUCCIÓN,MEDIA,"MOD HIDROGEO, ICA POZOS, RES. AVANCE 1"
"7","391",0.0000000000,0.0000000000,-73.6744545940,8.2977863571,90.0000000000,"12",BUTURAMA,ECOPETROLS.A.,PRODUCCIÓN,"0",
"7","393",0.0100708345,18.0000037600,-73.6680372410,8.2900249595,82.0000000000,"12",BUTURAMA,ECOPETROLS.A.,PRODUCCIÓN,"0",
"7","395",0.0165793385,19.0022509440,-73.6694633190,8.2836746111,83.0000000000,"12",BUTURAMA,ECOPETROLS.A.,PRODUCCIÓN,"0",
"7","400",0.0344490166,50.0025390080,-73.6751676330,8.2667398479,66.0000000000,"12",BUTURAMA,ECOPETROLS.A.,PRODUCCIÓN,"0",
"7","404",0.0498253241,57.0025671210,-73.6880023380,8.2582721936,61.0000000000,"12",BUTURAMA,ECOPETROLS.A.,PRODUCCIÓN,"0",
"7","407",0.0612934839,63.0044703660,-73.6979848870,8.2639173167,55.0000000000,"12",BUTURAMA,ECOPETROLS.A.,PRODUCCIÓN,"0",
"7","414",0.0907804251,86.0098211820,-73.6830110640,8.2893193703,74.0000000000,"12",BUTURAMA,ECOPETROLS.A.,PRODUCCIÓN,"0",
"8","417",0.0000000000,0.0000000000,-73.6052897930,8.1869955889,99.0000000000,"13",TOTUMAL,ECOPETROLS.A.,PRODUCCIÓN,"0",
"8","419",0.0079694329,5.0000064763,-73.5974463620,8.1884071310,104.0000000000,"13",TOTUMAL,ECOPETROLS.A.,PRODUCCIÓN,"0",
"8","423",0.0222462423,11.0000255710,-73.5953072440,8.1742914850,102.0000000000,"13",TOTUMAL,ECOPETROLS.A.,PRODUCCIÓN,"0",
"8","426",0.0325308857,16.0016484340,-73.5981594010,8.1644102355,97.0000000000,"13",TOTUMAL,ECOPETROLS.A.,PRODUCCIÓN,"0",
"8","428",0.0398153288,21.0016544290,-73.6017245970,8.1580578745,92.0000000000,"13",TOTUMAL,ECOPETROLS.A.,PRODUCCIÓN,"0",
"8","430",0.0481514156,23.0016718690,-73.6095680280,8.1608811585,90.0000000000,"13",TOTUMAL,ECOPETROLS.A.,PRODUCCIÓN,"0",
"8","432",0.0544773821,25.0033352320,-73.6124201850,8.1665276667,92.0000000000,"13",TOTUMAL,ECOPETROLS.A.,PRODUCCIÓN,"0",
"9","437",0.0000000000,0.0000000000,-73.7286455710,8.0902930909,42.0000000000,"14",DOÑA MARIA,ECOPETROLS.A.,PRODUCCIÓN,"0",
"9","442",0.0180118516,7.0055138167,-73.7106528040,8.0894641680,49.0000000000,"14",DOÑA MARIA,ECOPETROLS.A.,PRODUCCIÓN,"0",
"9","445",0.0270534597,15.0062267180,-73.7106609760,8.0804225636,41.0000000000,"14",DOÑA MARIA,ECOPETROLS.A.,PRODUCCIÓN,"0",
"9","450",0.0464641156,29.0062455270,-73.7300716250,8.0804391084,39.0000000000,"14",DOÑA MARIA,ECOPETROLS.A.,PRODUCCIÓN,"0",
"10","453",0.0000000000,0.0000000000,-73.6841994620,7.5376406368,59.0000000000,"15",CRISTALINA,ECOPETROLS.A.,PRODUCCIÓN,"0",
"10","455",0.0110465781,3.0000223036,-73.6765937110,7.5456518437,60.0000000000,"15",CRISTALINA,ECOPETROLS.A.,PRODUCCIÓN,"0",
"10","457",0.0171911103,6.0000320020,-73.6770690710,7.5517779606,63.0000000000,"15",CRISTALINA,ECOPETROLS.A.,PRODUCCIÓN,"0",
"10","459",0.0254874635,9.0000438233,-73.6699386790,7.5560190676,62.0000000000,"15",CRISTALINA,ECOPETROLS.A.,PRODUCCIÓN,"0",
"10","461",0.0331360831,10.0029151650,-73.6632836460,7.5522491968,61.0000000000,"15",CRISTALINA,ECOPETROLS.A.,PRODUCCIÓN,"0",
"10","463",0.0407356264,14.0029224640,-73.6642343650,7.5447093564,61.0000000000,"15",CRISTALINA,ECOPETROLS.A.,PRODUCCIÓN,"0",
"10","468",0.0639983503,18.0103983400,-73.6784951490,7.5263304453,63.0000000000,"15",CRISTALINA,ECOPETROLS.A.,PRODUCCIÓN,"0",
"10","473",0.0844876422,23.0146039210,-73.6989356050,7.5249166506,58.0000000000,"15",CRISTALINA,ECOPETROLS.A.,PRODUCCIÓN,"0",
"10","479",0.1100005469,26.0249081970,-73.7198514220,7.5103071692,59.0000000000,"15",CRISTALINA,ECOPETROLS.A.,PRODUCCIÓN,"0",
"10","481",0.1177550354,28.0273958680,-73.7246050160,7.5164337858,57.0000000000,"15",CRISTALINA,ECOPETROLS.A.,PRODUCCIÓN,"0",
"10","484",0.1291607575,31.0274193840,-73.7198514220,7.5268017092,56.0000000000,"15",CRISTALINA,ECOPETROLS.A.,PRODUCCIÓN,"0",
"10","489",0.1484746215,34.0326587730,-73.7027384810,7.5357556253,57.0000000000,"15",CRISTALINA,ECOPETROLS.A.,PRODUCCIÓN,"0",
"11","494",0.0000000000,0.0000000000,-73.8334623310,7.5131348491,51.0000000000,"16",LAS GARZAS,ECOPETROLS.A.,PRODUCCIÓN,"0",
"11","495",0.0038319664,0.0038319664,-73.8296594560,7.5136061273,51.0000000000,"16",LAS GARZAS,ECOPETROLS.A.,PRODUCCIÓN,"0",
"11","496",0.0078891570,1.0038401967,-73.8258565800,7.5121922912,50.0000000000,"16",LAS GARZAS,ECOPETROLS.A.,PRODUCCIÓN,"0",
"11","498",0.0138060603,2.0050127630,-73.8287087370,7.5070081861,51.0000000000,"16",LAS GARZAS,ECOPETROLS.A.,PRODUCCIÓN,"0",
"11","500",0.0210369285,2.0122436312,-73.8353637690,7.5041804663,51.0000000000,"16",LAS GARZAS,ECOPETROLS.A.,PRODUCCIÓN,"0",
"11","502",0.0272166014,3.0142653180,-73.8415434420,7.5041804663,52.0000000000,"16",LAS GARZAS,ECOPETROLS.A.,PRODUCCIÓN,"0",
"11","503",0.0295730358,3.0166217524,-73.8415434420,7.5065369007,52.0000000000,"16",LAS GARZAS,ECOPETROLS.A.,PRODUCCIÓN,"0",
"12","505",0.0000000000,0.0000000000,-73.5564999790,7.7034946149,64.0000000000,"18",PAVAS,ECOPETROLS.A.,PRODUCCIÓN,"0",
"12","508",0.0120813389,5.0030238670,-73.5453950310,7.7082526500,63.0000000000,"18",PAVAS,ECOPETROLS.A.,PRODUCCIÓN,"0",
"12","510",0.0200347476,6.0066205250,-73.5430177040,7.7006628526,64.0000000000,"18",PAVAS,ECOPETROLS.A.,PRODUCCIÓN,"0",
"12","512",0.0267271192,9.0074525694,-73.5477712990,7.6959521014,61.0000000000,"18",PAVAS,ECOPETROLS.A.,PRODUCCIÓN,"0",
"13","515",0.0000000000,0.0000000000,-73.5397852600,7.6976008703,62.0000000000,"19",CACHIRA,ECOPETROLS.A.,PRODUCCIÓN,"0",
"13","516",0.0046148323,1.0000106483,-73.5359348480,7.6950570528,63.0000000000,"19",CACHIRA,ECOPETROLS.A.,PRODUCCIÓN,"0",
"13","518",0.0097626602,3.0008267960,-73.5373609270,7.6901106973,65.0000000000,"19",CACHIRA,ECOPETROLS.A.,PRODUCCIÓN,"0",
"13","519",0.0113237682,4.0008280145,-73.5375035340,7.6885561166,66.0000000000,"19",CACHIRA,ECOPETROLS.A.,PRODUCCIÓN,"0",
"13","520",0.0135603655,4.0030646118,-73.5382165740,7.6864362245,66.0000000000,"19",CACHIRA,ECOPETROLS.A.,PRODUCCIÓN,"0",
"13","521",0.0173005404,5.0030716062,-73.5417817700,7.6853056111,65.0000000000,"19",CACHIRA,ECOPETROLS.A.,PRODUCCIÓN,"0",
"13","522",0.0213324363,6.0030797343,-73.5443487110,7.6884147907,66.0000000000,"19",CACHIRA,ECOPETROLS.A.,PRODUCCIÓN,"0",
"13","524",0.0263115949,10.0038668100,-73.5437782790,7.6933611660,62.0000000000,"19",CACHIRA,ECOPETROLS.A.,PRODUCCIÓN,"0",
"14","526",0.0000000000,0.0000000000,-73.5293914530,7.2977082067,157.0000000000,"21",LAS MONAS,ECOPETROLS.A.,PRODUCCIÓN,"0",
"14","535",0.0370496488,45.0000202420,-73.4952391020,7.3120711237,150.0000000000,"21",LAS MONAS,ECOPETROLS.A.,PRODUCCIÓN,"0",
"14","542",0.0663243322,155.0000256900,-73.4666023550,7.3181492641,148.0000000000,"21",LAS MONAS,ECOPETROLS.A.,PRODUCCIÓN,"0",
"14","548",0.0934619940,190.0000487200,-73.4514422300,7.2956409698,163.0000000000,"21",LAS MONAS,ECOPETROLS.A.,PRODUCCIÓN,"0",
"14","554",0.1191031566,221.0000668000,-73.4594008980,7.2712662119,168.0000000000,"21",LAS MONAS,ECOPETROLS.A.,PRODUCCIÓN,"0",
"14","561",0.1571033076,272.0001058600,-73.4883621220,7.2466642008,171.0000000000,"21",LAS MONAS,ECOPETROLS.A.,PRODUCCIÓN,"0",
"14","565",0.1774264795,290.0001366200,-73.5021245440,7.2317100353,155.0000000000,"21",LAS MONAS,ECOPETROLS.A.,PRODUCCIÓN,"0",
"14","571",0.2078990763,318.0001542300,-73.5196462520,7.2067787516,137.0000000000,"21",LAS MONAS,ECOPETROLS.A.,PRODUCCIÓN,"0",
"14","583",0.2604206170,385.0063526100,-73.5426420230,7.2539985224,148.0000000000,"21",LAS MONAS,ECOPETROLS.A.,PRODUCCIÓN,"0",
"14","585",0.2701596471,400.0063563200,-73.5350669410,7.2601195392,133.0000000000,"21",LAS MONAS,ECOPETROLS.A.,PRODUCCIÓN,"0",
"15","595",0.0000000000,0.0000000000,-73.5617502600,7.1379250918,122.0000000000,"22",LISAMA-NUTRIA,ECOPETROLS.A.,PRODUCCIÓN,"0",
"15","600",0.0223699150,33.0028426750,-73.5426724200,7.1496062361,155.0000000000,"22",LISAMA-NUTRIA,ECOPETROLS.A.,PRODUCCIÓN,"0",
"15","604",0.0392858739,63.0048225130,-73.5334029110,7.1354561174,175.0000000000,"22",LISAMA-NUTRIA,ECOPETROLS.A.,PRODUCCIÓN,"0",
"15","617",0.0907099625,433.0060440000,-73.5380973190,7.0842467488,209.0000000000,"22",LISAMA-NUTRIA,ECOPETROLS.A.,PRODUCCIÓN,"0",
"15","625",0.1233359094,703.0102170700,-73.5384117140,7.0516223168,283.0000000000,"22",LISAMA-NUTRIA,ECOPETROLS.A.,PRODUCCIÓN,"0",
"15","631",0.1477703821,1070.0110841000,-73.5269855580,7.0300240201,650.0000000000,"22",LISAMA-NUTRIA,ECOPETROLS.A.,PRODUCCIÓN,"0",
"15","642",0.1927196959,1613.0110876000,-73.5326898720,6.9854381296,571.0000000000,"22",LISAMA-NUTRIA,ECOPETROLS.A.,PRODUCCIÓN,"0",
"15","656",0.2505198013,2186.0114486000,-73.5519419300,6.9309384925,292.0000000000,"22",LISAMA-NUTRIA,ECOPETROLS.A.,PRODUCCIÓN,"0",
"15","660",0.2654526852,2274.0156351000,-73.5533680080,6.9160738593,204.0000000000,"22",LISAMA-NUTRIA,ECOPETROLS.A.,PRODUCCIÓN,"0",
"15","666",0.2876530891,2400.0156381000,-73.5753356440,6.9192802448,152.0000000000,"22",LISAMA-NUTRIA,ECOPETROLS.A.,PRODUCCIÓN,"0",
"15","670",0.3027671564,2433.0182515000,-73.5904460460,6.9196131001,145.0000000000,"22",LISAMA-NUTRIA,ECOPETROLS.A.,PRODUCCIÓN,"0",
"15","688",0.3772019515,2562.0267001000,-73.5799523910,6.9933044968,110.0000000000,"22",LISAMA-NUTRIA,ECOPETROLS.A.,PRODUCCIÓN,"0",
"15","704",0.4443393034,2622.0267711000,-73.5916711660,7.0594111858,104.0000000000,"22",LISAMA-NUTRIA,ECOPETROLS.A.,PRODUCCIÓN,"0",
"16","723",0.0000000000,0.0000000000,-73.9640785770,6.9797761245,78.0000000000,"23",PEÑAS BLANCAS,ECOPETROLS.A.,PRODUCCIÓN,"0",
"16","727",0.0169055883,12.0000184160,-73.9494612740,6.9712829883,82.0000000000,"23",PEÑAS BLANCAS,ECOPETROLS.A.,PRODUCCIÓN,"0",
"16","733",0.0456316817,23.0000701780,-73.9651481360,6.9472182672,79.0000000000,"23",PEÑAS BLANCAS,ECOPETROLS.A.,PRODUCCIÓN,"0",
"16","736",0.0567906869,36.0000767020,-73.9752204900,6.9424150312,84.0000000000,"23",PEÑAS BLANCAS,ECOPETROLS.A.,PRODUCCIÓN,"0",
"16","739",0.0660502042,43.0009407360,-73.9844001940,6.9412018943,77.0000000000,"23",PEÑAS BLANCAS,ECOPETROLS.A.,PRODUCCIÓN,"0",
"16","740",0.0705098932,44.0009506800,-73.9883219100,6.9433253289,78.0000000000,"23",PEÑAS BLANCAS,ECOPETROLS.A.,PRODUCCIÓN,"0",
"17","749",0.0000000000,0.0000000000,-73.9448265190,7.0123317169,78.0000000000,"24",CASABE SUR,ECOPETROLS.A.,PRODUCCIÓN,BUENA,"MODELO HIDROGEO, PMA, ICA,HIDROQUIMICA,IAA,CARTO"
"17","754",0.0224155551,15.0000242900,-73.9243860630,7.0031314536,75.0000000000,"24",CASABE SUR,ECOPETROLS.A.,PRODUCCIÓN,BUENA,"MODELO HIDROGEO, PMA, ICA,HIDROQUIMICA,IAA,CARTO"
"17","758",0.0396934476,27.0045256100,-73.9308034160,6.9870895349,87.0000000000,"24",CASABE SUR,ECOPETROLS.A.,PRODUCCIÓN,BUENA,"MODELO HIDROGEO, PMA, ICA,HIDROQUIMICA,IAA,CARTO"
"17","762",0.0591333854,46.0045408580,-73.9450641990,6.9738781296,86.0000000000,"24",CASABE SUR,ECOPETROLS.A.,PRODUCCIÓN,BUENA,"MODELO HIDROGEO, PMA, ICA,HIDROQUIMICA,IAA,CARTO"
"17","767",0.0800518744,65.0144555950,-73.9626524990,6.9852022141,79.0000000000,"24",CASABE SUR,ECOPETROLS.A.,PRODUCCIÓN,BUENA,"MODELO HIDROGEO, PMA, ICA,HIDROQUIMICA,IAA,CARTO"
"17","772",0.0991790305,81.0148295350,-73.9538583490,7.0021878266,77.0000000000,"24",CASABE SUR,ECOPETROLS.A.,PRODUCCIÓN,BUENA,"MODELO HIDROGEO, PMA, ICA,HIDROQUIMICA,IAA,CARTO"
"18","775",0.0000000000,0.0000000000,-73.8169548260,6.9021525881,92.0000000000,"25",TENERIFE,ECOPETROLS.A.,PRODUCCIÓN,"0",
"18","777",0.0048665016,11.0005705900,-73.8157664270,6.8974334201,81.0000000000,"25",TENERIFE,ECOPETROLS.A.,PRODUCCIÓN,"0",
"18","778",0.0069013160,13.0005716250,-73.8145780290,6.8957817002,83.0000000000,"25",TENERIFE,ECOPETROLS.A.,PRODUCCIÓN,"0",
"18","780",0.0135125270,13.0071828360,-73.8143403490,6.8891747631,83.0000000000,"25",TENERIFE,ECOPETROLS.A.,PRODUCCIÓN,"0",
"18","781",0.0158393004,13.0095096090,-73.8133896300,6.8870510852,83.0000000000,"25",TENERIFE,ECOPETROLS.A.,PRODUCCIÓN,"0",
"18","783",0.0222905625,19.0112162590,-73.8164794670,6.8813878976,89.0000000000,"25",TENERIFE,ECOPETROLS.A.,PRODUCCIÓN,"0",
"18","784",0.0264572292,21.0112206000,-73.8206461330,6.8813878976,87.0000000000,"25",TENERIFE,ECOPETROLS.A.,PRODUCCIÓN,"0",
"18","785",0.0265687976,21.0113321680,-73.8207577020,6.8813878976,87.0000000000,"25",TENERIFE,ECOPETROLS.A.,PRODUCCIÓN,"0",
"18","787",0.0315563693,26.0114293610,-73.8233721790,6.8856352946,82.0000000000,"25",TENERIFE,ECOPETROLS.A.,PRODUCCIÓN,"0",
"18","789",0.0398458120,29.0114423240,-73.8240852180,6.8938940133,79.0000000000,"25",TENERIFE,ECOPETROLS.A.,PRODUCCIÓN,"0",
"18","791",0.0463981367,33.0133691910,-73.8212330610,6.8997930100,83.0000000000,"25",TENERIFE,ECOPETROLS.A.,PRODUCCIÓN,"0",
"19","793",0.0000000000,0.0000000000,-73.7854028420,7.0317932134,107.0000000000,"26",LA CIRA-INFANTAS,ECOPETROLS.A.,PRODUCCIÓN,"0",
"19","799",0.0232037692,31.0000111030,-73.7622290690,7.0306137519,82.0000000000,"26",LA CIRA-INFANTAS,ECOPETROLS.A.,PRODUCCIÓN,"0",
"19","804",0.0465044127,42.0051722820,-73.7485624840,7.0117419619,77.0000000000,"26",LA CIRA-INFANTAS,ECOPETROLS.A.,PRODUCCIÓN,"0",
"19","809",0.0642559422,68.0056324680,-73.7438088900,6.9946387417,97.0000000000,"26",LA CIRA-INFANTAS,ECOPETROLS.A.,PRODUCCIÓN,"0",
"19","815",0.0852461265,119.0057504300,-73.7452943880,6.9737011886,92.0000000000,"26",LA CIRA-INFANTAS,ECOPETROLS.A.,PRODUCCIÓN,"0",
"19","820",0.1042042094,133.0079830000,-73.7470769860,6.9548270992,92.0000000000,"26",LA CIRA-INFANTAS,ECOPETROLS.A.,PRODUCCIÓN,"0",
"19","829",0.1434797194,172.0080276700,-73.7628232680,6.9188462669,117.0000000000,"26",LA CIRA-INFANTAS,ECOPETROLS.A.,PRODUCCIÓN,"0",
"19","830",0.1476463861,177.0080294000,-73.7628232680,6.9146796002,122.0000000000,"26",LA CIRA-INFANTAS,ECOPETROLS.A.,PRODUCCIÓN,"0",
"19","831",0.1484936599,177.0088766800,-73.7628232680,6.9138323264,122.0000000000,"26",LA CIRA-INFANTAS,ECOPETROLS.A.,PRODUCCIÓN,"0",
"19","836",0.1663304652,220.0093429500,-73.7577725740,6.8967255409,127.0000000000,"26",LA CIRA-INFANTAS,ECOPETROLS.A.,PRODUCCIÓN,"0",
"19","838",0.1734155477,235.0093446200,-73.7574754740,6.8896466902,112.0000000000,"26",LA CIRA-INFANTAS,ECOPETROLS.A.,PRODUCCIÓN,"0",
"19","844",0.1951782386,262.0097757100,-73.7622290690,6.8684095046,107.0000000000,"26",LA CIRA-INFANTAS,ECOPETROLS.A.,PRODUCCIÓN,"0",
"19","846",0.2042011843,291.0097778100,-73.7669826630,6.8607402877,92.0000000000,"26",LA CIRA-INFANTAS,ECOPETROLS.A.,PRODUCCIÓN,"0",
"19","848",0.2150973798,295.0097926800,-73.7750043540,6.8681145370,88.0000000000,"26",LA CIRA-INFANTAS,ECOPETROLS.A.,PRODUCCIÓN,"0",
"19","852",0.2295639801,309.0114955900,-73.7779753510,6.8822727751,92.0000000000,"26",LA CIRA-INFANTAS,ECOPETROLS.A.,PRODUCCIÓN,"0",
"19","862",0.2688638279,356.0157033800,-73.7803521480,6.9215006844,139.0000000000,"26",LA CIRA-INFANTAS,ECOPETROLS.A.,PRODUCCIÓN,"0",
"19","866",0.2825472281,384.0167826600,-73.7785695500,6.9350674742,111.0000000000,"26",LA CIRA-INFANTAS,ECOPETROLS.A.,PRODUCCIÓN,"0",
"19","870",0.2973883633,395.0185280900,-73.7741130550,6.9492237078,100.0000000000,"26",LA CIRA-INFANTAS,ECOPETROLS.A.,PRODUCCIÓN,"0",
"19","871",0.3015550300,396.0185367700,-73.7741130550,6.9533903744,101.0000000000,"26",LA CIRA-INFANTAS,ECOPETROLS.A.,PRODUCCIÓN,"0",
"19","872",0.3024019272,400.0185368600,-73.7741130550,6.9542372716,97.0000000000,"26",LA CIRA-INFANTAS,ECOPETROLS.A.,PRODUCCIÓN,"0",
"19","873",0.3072221380,401.0185484800,-73.7776782510,6.9574813139,96.0000000000,"26",LA CIRA-INFANTAS,ECOPETROLS.A.,PRODUCCIÓN,"0",
"19","875",0.3142542138,415.0185597200,-73.7839173440,6.9542372716,108.0000000000,"26",LA CIRA-INFANTAS,ECOPETROLS.A.,PRODUCCIÓN,"0",
"19","878",0.3243728078,430.0203358100,-73.7940187320,6.9536474434,123.0000000000,"26",LA CIRA-INFANTAS,ECOPETROLS.A.,PRODUCCIÓN,"0",
"19","881",0.3340432635,456.0215320500,-73.8035259210,6.9554169259,107.0000000000,"26",LA CIRA-INFANTAS,ECOPETROLS.A.,PRODUCCIÓN,"0",
"19","883",0.3420270343,478.0215335200,-73.8103592140,6.9595456927,105.0000000000,"26",LA CIRA-INFANTAS,ECOPETROLS.A.,PRODUCCIÓN,"0",
"19","886",0.3529752414,489.0215449800,-73.8130331110,6.9701623547,94.0000000000,"26",LA CIRA-INFANTAS,ECOPETROLS.A.,PRODUCCIÓN,"0",
"19","892",0.3766584511,543.0215534200,-73.8109534130,6.9937540754,118.0000000000,"26",LA CIRA-INFANTAS,ECOPETROLS.A.,PRODUCCIÓN,"0",
"19","897",0.3967299694,594.0215611200,-73.8041201210,7.0126265941,123.0000000000,"26",LA CIRA-INFANTAS,ECOPETROLS.A.,PRODUCCIÓN,"0",
"19","901",0.4151248231,609.0215880500,-73.7949100310,7.0285496872,108.0000000000,"26",LA CIRA-INFANTAS,ECOPETROLS.A.,PRODUCCIÓN,"0",
"20","904",0.0000000000,0.0000000000,-73.9086992010,7.0860451944,72.0000000000,"27",LLANITO,ECOPETROLS.A.,PRODUCCIÓN,"0",
"20","914",0.0495043306,16.0200282660,-73.8813660320,7.1273196009,70.0000000000,"27",LLANITO,ECOPETROLS.A.,PRODUCCIÓN,"0",
"20","921",0.0807170600,30.0248624470,-73.8659168500,7.1544407595,66.0000000000,"27",LLANITO,ECOPETROLS.A.,PRODUCCIÓN,"0",
"20","928",0.1095493452,31.0491767340,-73.8546270630,7.1809707686,65.0000000000,"27",LLANITO,ECOPETROLS.A.,PRODUCCIÓN,"0",
"20","937",0.1546289142,50.0593268550,-73.8290764920,7.2181101800,74.0000000000,"27",LLANITO,ECOPETROLS.A.,PRODUCCIÓN,"0",
"20","946",0.1947605416,67.0677267920,-73.7922361340,7.2021936618,81.0000000000,"27",LLANITO,ECOPETROLS.A.,PRODUCCIÓN,"0",
"20","953",0.2244284513,103.0721094300,-73.8011491240,7.1738962506,89.0000000000,"27",LLANITO,ECOPETROLS.A.,PRODUCCIÓN,"0",
"20","961",0.2619492878,162.0768561000,-73.8189751040,7.1408803813,90.0000000000,"27",LLANITO,ECOPETROLS.A.,PRODUCCIÓN,"0",
"20","976",0.3395378996,241.0964924100,-73.8665110490,7.0795588796,79.0000000000,"27",LLANITO,ECOPETROLS.A.,PRODUCCIÓN,"0",
"20","982",0.3651852158,260.0965145400,-73.8883663480,7.0661376008,68.0000000000,"27",LLANITO,ECOPETROLS.A.,PRODUCCIÓN,"0",
"20","982",0.3651852158,260.0965145400,-73.8883663480,7.0661376008,68.0000000000,"3",CASABE,ECOPETROLS.A.,PRODUCCIÓN,BUENA,"MODELO HIDROGEO, PMA, ICA,HIDROQUIMICA,IAA,CARTO"
"21","987",0.0000000000,0.0000000000,-73.7311524440,6.8275547545,103.0000000000,"28",COLORADO,ECOPETROLS.A.,PRODUCCIÓN,"0",
"21","988",0.0032770992,30.0000001790,-73.7286568070,6.8254308019,133.0000000000,"28",COLORADO,ECOPETROLS.A.,PRODUCCIÓN,"0",
"21","990",0.0110501765,52.0000015950,-73.7254481310,6.8183508919,111.0000000000,"28",COLORADO,ECOPETROLS.A.,PRODUCCIÓN,"0",
"21","993",0.0195536837,60.0001702320,-73.7258046500,6.8098548617,115.0000000000,"28",COLORADO,ECOPETROLS.A.,PRODUCCIÓN,"0",
"21","1001",0.0521719375,113.0001885000,-73.7275872480,6.7772853541,124.0000000000,"28",COLORADO,ECOPETROLS.A.,PRODUCCIÓN,"0",
"21","1004",0.0640487125,129.0045585300,-73.7240220530,6.7659563134,122.0000000000,"28",COLORADO,ECOPETROLS.A.,PRODUCCIÓN,"0",
"21","1006",0.0723433668,130.0090032100,-73.7268742090,6.7581674437,123.0000000000,"28",COLORADO,ECOPETROLS.A.,PRODUCCIÓN,"0",
"21","1007",0.0771214727,134.0090060600,-73.7300828860,6.7546270069,119.0000000000,"28",COLORADO,ECOPETROLS.A.,PRODUCCIÓN,"0",
"21","1011",0.0922006744,163.0104379500,-73.7361437190,6.7684345638,120.0000000000,"28",COLORADO,ECOPETROLS.A.,PRODUCCIÓN,"0",
"21","1012",0.0963673411,164.0104466300,-73.7361437190,6.7726012304,119.0000000000,"28",COLORADO,ECOPETROLS.A.,PRODUCCIÓN,"0",
"21","1013",0.1005340077,167.0104495300,-73.7361437190,6.7767678971,122.0000000000,"28",COLORADO,ECOPETROLS.A.,PRODUCCIÓN,"0",
"21","1014",0.1047006744,182.0104501000,-73.7361437190,6.7809345638,107.0000000000,"28",COLORADO,ECOPETROLS.A.,PRODUCCIÓN,"0",
"21","1015",0.1088673411,183.0104587800,-73.7361437190,6.7851012304,108.0000000000,"28",COLORADO,ECOPETROLS.A.,PRODUCCIÓN,"0",
"21","1016",0.1130340077,199.0104593300,-73.7361437190,6.7892678971,124.0000000000,"28",COLORADO,ECOPETROLS.A.,PRODUCCIÓN,"0",
"21","1017",0.1172006744,208.0104602900,-73.7361437190,6.7934345638,115.0000000000,"28",COLORADO,ECOPETROLS.A.,PRODUCCIÓN,"0",
"21","1018",0.1183985423,208.0116581600,-73.7361437190,6.7946324316,115.0000000000,"28",COLORADO,ECOPETROLS.A.,PRODUCCIÓN,"0",
"21","1023",0.1368208057,234.0116749800,-73.7354306790,6.8130408907,123.0000000000,"28",COLORADO,ECOPETROLS.A.,PRODUCCIÓN,"0",
"21","1025",0.1449939463,253.0116834300,-73.7347176400,6.8211828684,104.0000000000,"28",COLORADO,ECOPETROLS.A.,PRODUCCIÓN,"0",
"22","1027",0.0000000000,0.0000000000,-73.6438051440,6.7787014655,178.0000000000,"29",SAN LUIS,ECOPETROLS.A.,PRODUCCIÓN,"0",
"22","1029",0.0090438117,10.0000069460,-73.6373877920,6.7850739152,186.0000000000,"29",SAN LUIS,ECOPETROLS.A.,PRODUCCIÓN,"0",
"22","1030",0.0119132233,10.0028763570,-73.6348921550,6.7836578225,186.0000000000,"29",SAN LUIS,ECOPETROLS.A.,PRODUCCIÓN,"0",
"22","1033",0.0205287121,23.0030451750,-73.6334660760,6.7751611792,181.0000000000,"29",SAN LUIS,ECOPETROLS.A.,PRODUCCIÓN,"0",
"22","1036",0.0319446499,37.0030509260,-73.6384573510,6.7648942022,179.0000000000,"29",SAN LUIS,ECOPETROLS.A.,PRODUCCIÓN,"0",
"22","1037",0.0348833856,37.0059896620,-73.6413095070,6.7656022766,179.0000000000,"29",SAN LUIS,ECOPETROLS.A.,PRODUCCIÓN,"0",
"23","1041",0.0000000000,0.0000000000,-73.7746478350,6.8477318337,113.0000000000,"30",AGUAS BLANCAS,ECOPETROLS.A.,PRODUCCIÓN,"0",
"23","1042",0.0036348065,0.0036348065,-73.7710826390,6.8484397859,113.0000000000,"30",AGUAS BLANCAS,ECOPETROLS.A.,PRODUCCIÓN,"0",
"23","1046",0.0175505288,31.0046227220,-73.7746478350,6.8349885144,110.0000000000,"30",AGUAS BLANCAS,ECOPETROLS.A.,PRODUCCIÓN,"0",
"23","1050",0.0324146233,49.0046343160,-73.7778565110,6.8204748759,108.0000000000,"30",AGUAS BLANCAS,ECOPETROLS.A.,PRODUCCIÓN,"0",
"23","1053",0.0446248792,66.0065833340,-73.7849869030,6.8105628700,117.0000000000,"30",AGUAS BLANCAS,ECOPETROLS.A.,PRODUCCIÓN,"0",
"23","1055",0.0501231269,74.0077684350,-73.7864129810,6.8052527826,125.0000000000,"30",AGUAS BLANCAS,ECOPETROLS.A.,PRODUCCIÓN,"0",
"23","1058",0.0655971896,98.0077740640,-73.7956824900,6.7928623503,111.0000000000,"30",AGUAS BLANCAS,ECOPETROLS.A.,PRODUCCIÓN,"0",
"23","1059",0.0693719939,104.0077752500,-73.7981781280,6.7956944773,117.0000000000,"30",AGUAS BLANCAS,ECOPETROLS.A.,PRODUCCIÓN,"0",
"23","1061",0.0773345896,120.0077773800,-73.7953259710,6.8031287312,111.0000000000,"30",AGUAS BLANCAS,ECOPETROLS.A.,PRODUCCIÓN,"0",
"23","1064",0.0880500720,130.0077910200,-73.7938998920,6.8137488942,105.0000000000,"30",AGUAS BLANCAS,ECOPETROLS.A.,PRODUCCIÓN,"0",
"23","1068",0.1050134959,158.0077969600,-73.7864129810,6.8289707177,117.0000000000,"30",AGUAS BLANCAS,ECOPETROLS.A.,PRODUCCIÓN,"0",
"24","1073",0.0000000000,0.0000000000,-73.3909423490,7.4872669810,123.0000000000,"31",BONANZA,ECOPETROLS.A.,PRODUCCIÓN,"0",
"24","1076",0.0100765220,22.0000066770,-73.3959626570,7.4785301163,127.0000000000,"31",BONANZA,ECOPETROLS.A.,PRODUCCIÓN,"0",
"24","1080",0.0262778867,31.0029822020,-73.4013057410,7.4632351608,126.0000000000,"31",BONANZA,ECOPETROLS.A.,PRODUCCIÓN,"0",
"24","1082",0.0334047645,43.0029963400,-73.4056949780,7.4576202712,114.0000000000,"31",BONANZA,ECOPETROLS.A.,PRODUCCIÓN,"0",
"24","1085",0.0439747701,69.0030005840,-73.4091217150,7.4676193959,116.0000000000,"31",BONANZA,ECOPETROLS.A.,PRODUCCIÓN,"0",
"24","1089",0.0600846870,98.0072509860,-73.4122546430,7.4834217433,121.0000000000,"31",BONANZA,ECOPETROLS.A.,PRODUCCIÓN,"0",
"24","1091",0.0678021208,102.0108032000,-73.4121105240,7.4911378313,117.0000000000,"31",BONANZA,ECOPETROLS.A.,PRODUCCIÓN,"0",
"24","1092",0.0725903024,111.0108044700,-73.4084182290,7.4941863787,108.0000000000,"31",BONANZA,ECOPETROLS.A.,PRODUCCIÓN,"0",
"24","1093",0.0772382637,112.0108152700,-73.4060362870,7.4981776062,107.0000000000,"31",BONANZA,ECOPETROLS.A.,PRODUCCIÓN,"0",
"24","1096",0.0884318206,120.0108276800,-73.3949962250,7.4963302441,107.0000000000,"31",BONANZA,ECOPETROLS.A.,PRODUCCIÓN,"0",
"25","1099",0.0000000000,0.0000000000,-73.7656026450,7.7584712613,45.0000000000,"32",CAMPO COLON,GRAN TIERRA ENERGY,PRODUCCIÓN,MEDIA,"INFO CONST. POZO A, GEOF, P. BOMBEO HIDROQUI,CARTO"
"25","1115",0.0633957086,15.0217969640,-73.7022070510,7.7585918538,46.0000000000,"32",CAMPO COLON,GRAN TIERRA ENERGY,PRODUCCIÓN,MEDIA,"INFO CONST. POZO A, GEOF, P. BOMBEO HIDROQUI,CARTO"
"25","1123",0.0963349352,24.0260141510,-73.7022362010,7.7256526400,47.0000000000,"32",CAMPO COLON,GRAN TIERRA ENERGY,PRODUCCIÓN,MEDIA,"INFO CONST. POZO A, GEOF, P. BOMBEO HIDROQUI,CARTO"
"25","1137",0.1554897696,34.0484412370,-73.7236662170,7.6705160021,51.0000000000,"32",CAMPO COLON,GRAN TIERRA ENERGY,PRODUCCIÓN,MEDIA,"INFO CONST. POZO A, GEOF, P. BOMBEO HIDROQUI,CARTO"
"25","1148",0.1974895627,46.0530061230,-73.7656659970,7.6705484384,47.0000000000,"32",CAMPO COLON,GRAN TIERRA ENERGY,PRODUCCIÓN,MEDIA,"INFO CONST. POZO A, GEOF, P. BOMBEO HIDROQUI,CARTO"
