POZO,TOPE FM,Depth (feet),Depth [TVD],Depth [TVDSS],Depth [X Absolute],Depth [Y Absolute],colors,Depth (mt),top_Depth (mt),lon,lat
BERL-2,YNC_Real_Enrejado,870.0,870.0,-620.0,1022863.313,1279619.735,#FFFF00,265.176,0.0,-73.87053618203198,7.124680867942844
BERL-2,YNC_Real_Hiel,1354.0,1354.0,-1104.0,1022863.313,1279619.735,#FFFF00,412.6992,265.176,-73.87053618203198,7.124680867942844
BERL-2,YNC_Real_Chontorales,1712.0,1712.0,-1462.0,1022863.313,1279619.735,#FFFF00,521.8176,412.6992,-73.87053618203198,7.124680867942844
BERL-2,YNC_Real_Lluvia,2488.9,2488.9,-2238.9,1022863.313,1279619.735,#FFFF00,758.6167200000001,521.8176,-73.87053618203198,7.124680867942844
BERL-2,YNC-FM_COLORADO,2742.0,2742.0,-2492.0,1022863.313,1279619.735,#FEE6AA,835.7616,758.6167200000001,-73.87053618203198,7.124680867942844
BERL-2,YNC-LA_CIRA_SHALE,2742.0,2742.0,-2492.0,1022863.313,1279619.735,#FFE619,835.7616,835.7616,-73.87053618203198,7.124680867942844
BERL-2,YNC-BASE_LA_CIRA_SHALE,2927.0,2927.0,-2677.0,1022863.313,1279619.735,#FFE619,892.1496000000001,835.7616,-73.87053618203198,7.124680867942844
BERL-2,YNC-FM_MUGROSA,4999.0,4999.0,-4749.0,1022863.313,1279619.735,#FED99A,1523.6952,892.1496000000001,-73.87053618203198,7.124680867942844
BERL-2,YNC-BASE_HORIZONTE_FOSILIFERO_DE_MUGROSA,5072.0,5072.0,-4822.0,1022863.313,1279619.735,#FED99A,1545.9456,1523.6952,-73.87053618203198,7.124680867942844
BERL-2,YNC-FM_ESMERALDA-LA_PAZ,6962.0,6962.0,-6712.0,1022863.313,1279619.735,#FDCDA1,2122.0176,1545.9456,-73.87053618203198,7.124680867942844
BERL-2,YNC-DISCORDANCIA_DEL_EOCENO,7343.0,7343.0,-7093.0,1022863.313,1279619.735,#FDA75F,2238.1464,2122.0176,-73.87053618203198,7.124680867942844
BERL-2,YNC-FM_UMIR,7343.0,7343.0,-7093.0,1022863.313,1279619.735,#F2FA8C,2238.1464,2238.1464,-73.87053618203198,7.124680867942844
BERL-2,YNC-TD,7384.0,7384.0,-7134.0,1022863.313,1279619.735,#7c538f,2250.6432,2238.1464,-73.87053618203198,7.124680867942844
BOSQUES-1,YNC_Real_Bagre,1034.0,1034.0,-685.0,1034433.057,1300874.149,#FFFF00,315.1632,0.0,-73.76566952289795,7.31680721102583
BOSQUES-1,YNC_Real_Enrejado,2003.0,2003.0,-1654.0,1034433.057,1300874.149,#FFFF00,610.5144,315.1632,-73.76566952289795,7.31680721102583
BOSQUES-1,YNC_Real_Hiel,2975.0,2975.0,-2626.0,1034433.057,1300874.149,#FFFF00,906.78,610.5144,-73.76566952289795,7.31680721102583
BOSQUES-1,YNC_Real_Chontorales,3436.0,3436.0,-3087.0,1034433.057,1300874.149,#FFFF00,1047.2928,906.78,-73.76566952289795,7.31680721102583
BOSQUES-1,YNC_Real_Lluvia,4137.0,4137.0,-3788.0,1034433.057,1300874.149,#FFFF00,1260.9576,1047.2928,-73.76566952289795,7.31680721102583
BOSQUES-1,YNC-FM_COLORADO,4509.0,4509.0,-4160.0,1034433.057,1300874.149,#FEE6AA,1374.3432,1260.9576,-73.76566952289795,7.31680721102583
BOSQUES-1,YNC-LA_CIRA_SHALE,4509.0,4509.0,-4160.0,1034433.057,1300874.149,#FFE619,1374.3432,1374.3432,-73.76566952289795,7.31680721102583
BOSQUES-1,YNC-BASE_LA_CIRA_SHALE,4749.0,4749.0,-4400.0,1034433.057,1300874.149,#FFE619,1447.4952,1374.3432,-73.76566952289795,7.31680721102583
BOSQUES-1,YNC-FM_MUGROSA,7416.0,7416.0,-7067.0,1034433.057,1300874.149,#FED99A,2260.3968,1447.4952,-73.76566952289795,7.31680721102583
BOSQUES-1,YNC-HORIZONTE_FOSILIFERO_DE_MUGROSA,7416.0,7416.0,-7067.0,1034433.057,1300874.149,#FED99A,2260.3968,2260.3968,-73.76566952289795,7.31680721102583
BOSQUES-1,YNC-BASE_HORIZONTE_FOSILIFERO_DE_MUGROSA,7451.0,7451.0,-7102.0,1034433.057,1300874.149,#FED99A,2271.0648,2260.3968,-73.76566952289795,7.31680721102583
BOSQUES-1,YNC-FM_ESMERALDA-LA_PAZ,9500.0,9500.0,-9151.0,1034433.057,1300874.149,#FDCDA1,2895.6000000000004,2271.0648,-73.76566952289795,7.31680721102583
BOSQUES-1,YNC-DISCORDANCIA_DEL_EOCENO,9914.0,9914.0,-9565.0,1034433.057,1300874.149,#FDA75F,3021.7872,2895.6000000000004,-73.76566952289795,7.31680721102583
BOSQUES-1,YNC-FM_SIMITI,9914.0,9914.0,-9565.0,1034433.057,1300874.149,#B3DE53,3021.7872,3021.7872,-73.76566952289795,7.31680721102583
BOSQUES-1,YNC-FM_TABLAZO,11391.0,11391.0,-11042.0,1034433.057,1300874.149,#CCEA97,3471.9768000000004,3021.7872,-73.76566952289795,7.31680721102583
BOSQUES-1,YNC-FM_PAJA,11847.0,11847.0,-11498.0,1034433.057,1300874.149,#BFE48A,3610.9656,3471.9768000000004,-73.76566952289795,7.31680721102583
BOSQUES-1,YNC-FM_ROSABLANCA,12239.0,12239.0,-11890.0,1034433.057,1300874.149,#BFE48A,3730.4472,3610.9656,-73.76566952289795,7.31680721102583
BOSQUES-1,YNC-FM_SANTOS,12684.0,12684.0,-12335.0,1034433.057,1300874.149,#BFE48A,3866.0832,3730.4472,-73.76566952289795,7.31680721102583
BOSQUES-1,YNC-JURASICO,12790.0,12790.0,-12441.0,1034433.057,1300874.149,#34B2C9,3898.392,3866.0832,-73.76566952289795,7.31680721102583
BOSQUES-1,YNC-TD,12880.0,12880.0,-12531.0,1034433.057,1300874.149,#7c538f,3925.824,3898.392,-73.76566952289795,7.31680721102583
BOSQUES-2,YNC_Real_Bagre,1200.2,1200.2,-946.7,1037732.175,1304999.213,#FFFF00,365.82096,0.0,-73.73576339688348,7.354084588475391
BOSQUES-2,YNC_Real_Enrejado,2149.2,2149.2,-1895.7,1037732.175,1304999.213,#FFFF00,655.07616,365.82096,-73.73576339688348,7.354084588475391
BOSQUES-2,YNC_Real_Hiel,3573.1,3573.1,-3319.6,1037732.175,1304999.213,#FFFF00,1089.08088,655.07616,-73.73576339688348,7.354084588475391
BOSQUES-2,YNC_Real_Chontorales,3952.3,3952.3,-3698.8,1037732.175,1304999.213,#FFFF00,1204.6610400000002,1089.08088,-73.73576339688348,7.354084588475391
BOSQUES-2,YNC_Real_Lluvia,4539.6,4539.6,-4286.1,1037732.175,1304999.213,#FFFF00,1383.67008,1204.6610400000002,-73.73576339688348,7.354084588475391
BOSQUES-2,YNC-FM_COLORADO,4889.0,4889.0,-4635.5,1037732.175,1304999.213,#FEE6AA,1490.1672,1383.67008,-73.73576339688348,7.354084588475391
BOSQUES-2,YNC-LA_CIRA_SHALE,4889.0,4889.0,-4635.5,1037732.175,1304999.213,#FFE619,1490.1672,1490.1672,-73.73576339688348,7.354084588475391
BOSQUES-2,YNC-BASE_LA_CIRA_SHALE,5122.9,5122.9,-4869.4,1037732.175,1304999.213,#FFE619,1561.45992,1490.1672,-73.73576339688348,7.354084588475391
BOSQUES-2,YNC-FM_MUGROSA,7170.0,7170.0,-6916.5,1037732.175,1304999.213,#FED99A,2185.416,1561.45992,-73.73576339688348,7.354084588475391
BOSQUES-2,YNC-HORIZONTE_FOSILIFERO_DE_MUGROSA,7170.0,7170.0,-6916.5,1037732.175,1304999.213,#FED99A,2185.416,2185.416,-73.73576339688348,7.354084588475391
BOSQUES-2,YNC-BASE_HORIZONTE_FOSILIFERO_DE_MUGROSA,7276.5,7276.5,-7023.0,1037732.175,1304999.213,#FED99A,2217.8772,2185.416,-73.73576339688348,7.354084588475391
BOSQUES-2,YNC-FM_ESMERALDA-LA_PAZ,9265.3,9265.3,-9011.8,1037732.175,1304999.213,#FDCDA1,2824.06344,2217.8772,-73.73576339688348,7.354084588475391
BOSQUES-2,YNC-DISCORDANCIA_DEL_EOCENO,10026.9,10026.9,-9773.4,1037732.175,1304999.213,#FDA75F,3056.19912,2824.06344,-73.73576339688348,7.354084588475391
BOSQUES-2,YNC-FM_SIMITI,10026.9,10026.9,-9773.4,1037732.175,1304999.213,#B3DE53,3056.19912,3056.19912,-73.73576339688348,7.354084588475391
BOSQUES-2,YNC-TD,10518.0,10518.0,-10264.5,1037732.175,1304999.213,#7c538f,3205.8864000000003,3056.19912,-73.73576339688348,7.354084588475391
BOSQUES-3,YNC_Real_Bagre,1278.0,1278.0,-905.0,1035145.183,1300381.203,#FFFF00,389.5344,0.0,-73.75922347322464,7.312345443266033
BOSQUES-3,YNC_Real_Enrejado,2222.0,2222.0,-1849.0,1035145.183,1300381.203,#FFFF00,677.2656000000001,389.5344,-73.75922347322464,7.312345443266033
BOSQUES-3,YNC_Real_Hiel,3113.0,3113.0,-2740.0,1035145.183,1300381.203,#FFFF00,948.8424,677.2656000000001,-73.75922347322464,7.312345443266033
BOSQUES-3,YNC_Real_Chontorales,3550.0,3550.0,-3177.0,1035145.183,1300381.203,#FFFF00,1082.04,948.8424,-73.75922347322464,7.312345443266033
BOSQUES-3,YNC_Real_Lluvia,4367.0,4367.0,-3994.0,1035145.183,1300381.203,#FFFF00,1331.0616,1082.04,-73.75922347322464,7.312345443266033
BOSQUES-3,YNC-FM_COLORADO,4721.0,4721.0,-4348.0,1035145.183,1300381.203,#FEE6AA,1438.9608,1331.0616,-73.75922347322464,7.312345443266033
BOSQUES-3,YNC-LA_CIRA_SHALE,4721.0,4721.0,-4348.0,1035145.183,1300381.203,#FFE619,1438.9608,1438.9608,-73.75922347322464,7.312345443266033
BOSQUES-3,YNC-BASE_LA_CIRA_SHALE,4987.0,4987.0,-4614.0,1035145.183,1300381.203,#FFE619,1520.0376,1438.9608,-73.75922347322464,7.312345443266033
BOSQUES-3,YNC-FM_MUGROSA,7695.0,7695.0,-7322.0,1035145.183,1300381.203,#FED99A,2345.436,1520.0376,-73.75922347322464,7.312345443266033
BOSQUES-3,YNC-HORIZONTE_FOSILIFERO_DE_MUGROSA,7695.0,7695.0,-7322.0,1035145.183,1300381.203,#FED99A,2345.436,2345.436,-73.75922347322464,7.312345443266033
BOSQUES-3,YNC-BASE_HORIZONTE_FOSILIFERO_DE_MUGROSA,7751.0,7751.0,-7378.0,1035145.183,1300381.203,#FED99A,2362.5048,2345.436,-73.75922347322464,7.312345443266033
BOSQUES-3,YNC-FM_ESMERALDA-LA_PAZ,9753.0,9753.0,-9380.0,1035145.183,1300381.203,#FDCDA1,2972.7144000000003,2362.5048,-73.75922347322464,7.312345443266033
BOSQUES-3,YNC-DISCORDANCIA_DEL_EOCENO,10140.0,10140.0,-9767.0,1035145.183,1300381.203,#FDA75F,3090.672,2972.7144000000003,-73.75922347322464,7.312345443266033
BOSQUES-3,YNC-FM_SIMITI,10140.0,10140.0,-9767.0,1035145.183,1300381.203,#B3DE53,3090.672,3090.672,-73.75922347322464,7.312345443266033
BOSQUES-3,YNC-FM_TABLAZO,10520.0,10520.0,-10147.0,1035145.183,1300381.203,#CCEA97,3206.496,3090.672,-73.75922347322464,7.312345443266033
BOSQUES-3,YNC-FM_PAJA,10885.0,10885.0,-10512.0,1035145.183,1300381.203,#BFE48A,3317.748,3206.496,-73.75922347322464,7.312345443266033
BOSQUES-3,YNC-FM_ROSABLANCA,11254.0,11254.0,-10881.0,1035145.183,1300381.203,#BFE48A,3430.2192,3317.748,-73.75922347322464,7.312345443266033
BOSQUES-3,YNC-FM_SANTOS,11679.0,11679.0,-11306.0,1035145.183,1300381.203,#BFE48A,3559.7592,3430.2192,-73.75922347322464,7.312345443266033
BOSQUES-3,YNC-TD,12017.0,12017.0,-11644.0,1035145.183,1300381.203,#7c538f,3662.7816,3559.7592,-73.75922347322464,7.312345443266033
CANT-14,YNC_Real_Enrejado,202.0,202.0,23.2,1016195.84,1304530.34,#FFFF00,61.5696,0.0,-73.93082105186818,7.349951201580654
CANT-14,YNC_Real_Hiel,680.0,680.0,-454.8,1016195.84,1304530.34,#FFFF00,207.264,61.5696,-73.93082105186818,7.349951201580654
CANT-14,YNC_Real_Chontorales,1040.0,1040.0,-814.8,1016195.84,1304530.34,#FFFF00,316.992,207.264,-73.93082105186818,7.349951201580654
CANT-14,YNC_Real_Lluvia,1381.0,1381.0,-1155.8,1016195.84,1304530.34,#FFFF00,420.9288,316.992,-73.93082105186818,7.349951201580654
CANT-14,YNC-FM_COLORADO,1878.0,1878.0,-1652.8,1016195.84,1304530.34,#FEE6AA,572.4144,420.9288,-73.93082105186818,7.349951201580654
CANT-14,YNC-LA_CIRA_SHALE,1878.0,1878.0,-1652.8,1016195.84,1304530.34,#FFE619,572.4144,572.4144,-73.93082105186818,7.349951201580654
CANT-14,YNC-BASE_LA_CIRA_SHALE,2022.0,2022.0,-1796.8,1016195.84,1304530.34,#FFE619,616.3056,572.4144,-73.93082105186818,7.349951201580654
CANT-14,YNC-FM_MUGROSA,3823.0,3823.0,-3597.8,1016195.84,1304530.34,#FED99A,1165.2504,616.3056,-73.93082105186818,7.349951201580654
CANT-14,YNC-FM_ESMERALDA-LA_PAZ,5469.0,5469.0,-5243.8,1016195.84,1304530.34,#FDCDA1,1666.9512,1165.2504,-73.93082105186818,7.349951201580654
CANT-14,YNC-DISCORDANCIA_DEL_EOCENO,6154.0,6154.0,-5928.8,1016195.84,1304530.34,#FDA75F,1875.7392,1666.9512,-73.93082105186818,7.349951201580654
CANT-14,YNC-FM_LID_SUP,6154.0,6154.0,-5928.8,1016195.84,1304530.34,#CCE968,1875.7392,1875.7392,-73.93082105186818,7.349951201580654
CANT-14,YNC-FM_SH_MEDIO,6500.0,6500.0,-6274.8,1016195.84,1304530.34,#CCE968,1981.2,1875.7392,-73.93082105186818,7.349951201580654
CANT-14,YNC-FM_LID_INF,6798.0,6798.0,-6572.8,1016195.84,1304530.34,#CCE968,2072.0304,1981.2,-73.93082105186818,7.349951201580654
CANT-14,YNC-MB_GALEMBO,6948.0,6948.0,-6722.8,1016195.84,1304530.34,#E6F47F,2117.7504,2072.0304,-73.93082105186818,7.349951201580654
CANT-14,YNC-MB_PUJAMANA,7263.0,7263.0,-7037.8,1016195.84,1304530.34,#CCE968,2213.7624,2117.7504,-73.93082105186818,7.349951201580654
CANT-14,YNC-MB_SALADA,7774.0,7774.0,-7548.8,1016195.84,1304530.34,#BFE35D,2369.5152000000003,2213.7624,-73.93082105186818,7.349951201580654
CANT-14,YNC-TD,8284.0,8284.0,-8058.8,1016195.84,1304530.34,#7c538f,2524.9632,2369.5152000000003,-73.93082105186818,7.349951201580654
COCUYO-1ST1,YNC_Real_Bagre,918.0,917.9,-676.9,1024687.288,1309888.51,#FFFF00,279.8064,0.0,-73.85388942968456,7.398368728940025
COCUYO-1ST1,YNC_Real_Enrejado,1671.0,1670.9,-1429.9,1024689.465,1309889.461,#FFFF00,509.3208,279.8064,-73.85386970610043,7.398377318102575
COCUYO-1ST1,YNC_Real_Hiel,2532.0,2531.8,-2290.8,1024692.854,1309890.998,#FFFF00,771.7536,509.3208,-73.85383900155728,7.398391200437596
COCUYO-1ST1,YNC_Real_Chontorales,2889.0,2888.8,-2647.8,1024693.911,1309891.375,#FFFF00,880.5672000000001,771.7536,-73.8538294255397,7.398394604512229
COCUYO-1ST1,YNC_Real_Lluvia,3327.0,3324.8,-3083.8,1024685.451,1309886.777,#FFFF00,1014.0696,880.5672000000001,-73.85390607710939,7.398353067294019
COCUYO-1ST1,YNC-FM_COLORADO,3800.0,3776.4,-3535.4,1024648.413,1309866.888,#FEE6AA,1158.24,1014.0696,-73.85424165750739,7.398173396740866
COCUYO-1ST1,YNC-LA_CIRA_SHALE,3800.0,3776.4,-3535.4,1024648.413,1309866.888,#FFE619,1158.24,1158.24,-73.85424165750739,7.398173396740866
COCUYO-1ST1,YNC-BASE_LA_CIRA_SHALE,3998.0,3955.4,-3714.4,1024625.495,1309855.221,#FFE619,1218.5904,1158.24,-73.85444930152272,7.3980680062551105
COCUYO-1ST1,YNC-FM_MUGROSA,6334.0,5987.1,-5746.1,1024321.862,1309682.209,#FED99A,1930.6032,1218.5904,-73.85720038196852,7.396504978402326
COCUYO-1ST1,YNC-HORIZONTE_FOSILIFERO_DE_MUGROSA,6334.0,5987.1,-5746.1,1024321.862,1309682.209,#FED99A,1930.6032,1930.6032,-73.85720038196852,7.396504978402326
COCUYO-1ST1,YNC-BASE_HORIZONTE_FOSILIFERO_DE_MUGROSA,6382.0,6032.0,-5791.0,1024317.186,1309679.978,#FED99A,1945.2336,1930.6032,-73.85724274698511,7.3964848263540235
COCUYO-1ST1,YNC-FM_ESMERALDA-LA_PAZ,8806.0,8410.9,-8169.9,1024203.967,1309620.016,#FDCDA1,2684.0688,1945.2336,-73.8582685475522,7.3959431480315
COCUYO-1ST1,YNC-DISCORDANCIA_DEL_EOCENO,10162.0,9764.2,-9523.2,1024180.398,1309610.119,#FDA75F,3097.3776000000003,2684.0688,-73.85848207844342,7.395853763055784
COCUYO-1ST1,YNC-FM_UMIR,10162.0,9764.2,-9523.2,1024180.398,1309610.119,#F2FA8C,3097.3776000000003,3097.3776000000003,-73.85848207844342,7.395853763055784
COCUYO-1ST1,YNC-FM_LID_SUP,10717.0,10318.7,-10077.7,1024175.324,1309608.698,#CCE968,3266.5416,3097.3776000000003,-73.8585280447954,7.395840936772191
COCUYO-1ST1,YNC-FM_SH_MEDIO,11133.0,10733.3,-10492.3,1024174.147,1309599.893,#CCE968,3393.3384,3266.5416,-73.85853874523328,7.395761326109496
COCUYO-1ST1,YNC-FM_LID_INF,11525.0,11122.2,-10881.2,1024181.37,1309586.777,#CCE968,3512.82,3393.3384,-73.85847337816259,7.395642697481828
COCUYO-1ST1,YNC-MB_GALEMBO,11670.0,11265.8,-11024.8,1024185.763,1309582.777,#E6F47F,3557.016,3512.82,-73.8584336044557,7.395606509438994
COCUYO-1ST1,YNC-MB_PUJAMANA,11876.0,11469.9,-11228.9,1024192.814,1309577.919,#CCE968,3619.8048,3557.016,-73.85836975857565,7.395562551419142
COCUYO-1ST1,YNC-MB_SALADA,12378.0,11969.7,-11728.7,1024203.588,1309570.242,#BFE35D,3772.8144,3619.8048,-73.8582722025765,7.395493087065002
COCUYO-1ST1,YNC-FM_SIMITI,12811.0,12381.3,-12140.3,1024238.416,1309553.948,#B3DE53,3904.7928,3772.8144,-73.85795680548225,7.395345599488771
COCUYO-1ST1,YNC-TD,12886.8,12451.8,-12210.8,1024245.635,1309549.499,#7c538f,3927.89664,3904.7928,-73.8578914361273,7.395305338881641
FLAMENCOS-1,YNC_Real_Bagre,515.0,515.0,-287.9,1023367.38,1317389.66,#FFFF00,156.972,0.0,-73.86581268061109,7.466200813731927
FLAMENCOS-1,YNC_Real_Enrejado,1070.0,1070.0,-842.9,1023367.38,1317389.66,#FFFF00,326.136,156.972,-73.86581268061109,7.466200813731927
FLAMENCOS-1,YNC_Real_Hiel,2010.0,2010.0,-1782.9,1023367.38,1317389.66,#FFFF00,612.648,326.136,-73.86581268061109,7.466200813731927
FLAMENCOS-1,YNC_Real_Chontorales,2292.0,2292.0,-2064.9,1023367.38,1317389.66,#FFFF00,698.6016000000001,612.648,-73.86581268061109,7.466200813731927
FLAMENCOS-1,YNC_Real_Lluvia,2734.0,2734.0,-2506.9,1023367.38,1317389.66,#FFFF00,833.3232,698.6016000000001,-73.86581268061109,7.466200813731927
FLAMENCOS-1,YNC-FM_COLORADO,3042.0,3042.0,-2814.9,1023367.38,1317389.66,#FEE6AA,927.2016,833.3232,-73.86581268061109,7.466200813731927
FLAMENCOS-1,YNC-LA_CIRA_SHALE,3042.0,3042.0,-2814.9,1023367.38,1317389.66,#FFE619,927.2016,927.2016,-73.86581268061109,7.466200813731927
FLAMENCOS-1,YNC-BASE_LA_CIRA_SHALE,3214.0,3214.0,-2986.9,1023367.38,1317389.66,#FFE619,979.6272,927.2016,-73.86581268061109,7.466200813731927
FLAMENCOS-1,YNC-FM_MUGROSA,4841.0,4841.0,-4613.9,1023367.38,1317389.66,#FED99A,1475.5368,979.6272,-73.86581268061109,7.466200813731927
FLAMENCOS-1,YNC-FM_ESMERALDA-LA_PAZ,6887.0,6887.0,-6659.9,1023367.38,1317389.66,#FDCDA1,2099.1576,1475.5368,-73.86581268061109,7.466200813731927
FLAMENCOS-1,YNC-DISCORDANCIA_DEL_EOCENO,8357.0,8357.0,-8129.9,1023367.38,1317389.66,#FDA75F,2547.2136,2099.1576,-73.86581268061109,7.466200813731927
FLAMENCOS-1,YNC-FM_LID_SUP,8357.0,8357.0,-8129.9,1023367.38,1317389.66,#CCE968,2547.2136,2547.2136,-73.86581268061109,7.466200813731927
GALA-1,YNC_Real_Bagre,68.0,68.0,226.0,1023966.165,1279853.49,#FFFF00,20.7264,0.0,-73.86055159110616,7.126789959232361
GALA-1,YNC_Real_Enrejado,505.0,505.0,-211.0,1023966.165,1279853.49,#FFFF00,153.924,20.7264,-73.86055159110616,7.126789959232361
GALA-1,YNC_Real_Hiel,979.0,979.0,-685.0,1023966.165,1279853.49,#FFFF00,298.3992,153.924,-73.86055159110616,7.126789959232361
GALA-1,YNC_Real_Chontorales,1472.0,1472.0,-1178.0,1023966.165,1279853.49,#FFFF00,448.6656,298.3992,-73.86055159110616,7.126789959232361
GALA-1,YNC_Real_Lluvia,2437.0,2437.0,-2143.0,1023966.165,1279853.49,#FFFF00,742.7976,448.6656,-73.86055159110616,7.126789959232361
GALA-1,YNC-FM_COLORADO,2556.0,2556.0,-2262.0,1023966.165,1279853.49,#FEE6AA,779.0688,742.7976,-73.86055159110616,7.126789959232361
GALA-1,YNC-LA_CIRA_SHALE,2556.0,2556.0,-2262.0,1023966.165,1279853.49,#FFE619,779.0688,779.0688,-73.86055159110616,7.126789959232361
GALA-1,YNC-BASE_LA_CIRA_SHALE,2877.0,2877.0,-2583.0,1023966.165,1279853.49,#FFE619,876.9096000000001,779.0688,-73.86055159110616,7.126789959232361
GALA-1,YNC-FM_MUGROSA,5122.0,5122.0,-4828.0,1023966.165,1279853.49,#FED99A,1561.1856,876.9096000000001,-73.86055159110616,7.126789959232361
GALA-1,YNC-FM_ESMERALDA,7457.9,7457.9,-7163.9,1023966.165,1279853.49,#FDCDA1,2273.16792,1561.1856,-73.86055159110616,7.126789959232361
GALA-1,YNC-DISCORDANCIA_DEL_EOCENO,7653.0,7653.0,-7359.0,1023966.165,1279853.49,#FDA75F,2332.6344,2273.16792,-73.86055159110616,7.126789959232361
GALA-1,YNC-FM_UMIR,7653.0,7653.0,-7359.0,1023966.165,1279853.49,#F2FA8C,2332.6344,2332.6344,-73.86055159110616,7.126789959232361
GALA-1,YNC-FM_LID_SUP,7822.0,7822.0,-7528.0,1023966.165,1279853.49,#CCE968,2384.1456000000003,2332.6344,-73.86055159110616,7.126789959232361
GALA-1,YNC-FM_SH_MEDIO,8330.0,8330.0,-8036.0,1023966.165,1279853.49,#CCE968,2538.984,2384.1456000000003,-73.86055159110616,7.126789959232361
GALA-1K,YNC_Real_Bagre,35.0,35.0,307.5,1026527.008,1281390.001,#FFFF00,10.668,0.0,-73.83736217234939,7.140671961560521
GALA-1K,YNC_Real_Enrejado,166.0,166.0,176.5,1026527.097,1281390.01,#FFFF00,50.5968,10.668,-73.83736136660569,7.140672042521141
GALA-1K,YNC_Real_Hiel,826.0,826.0,-483.5,1026527.806,1281390.409,#FFFF00,251.7648,50.5968,-73.83735494627223,7.140675647023359
GALA-1K,YNC_Real_Chontorales,1353.0,1353.0,-1010.5,1026528.671,1281390.726,#FFFF00,412.3944,251.7648,-73.83734711408503,7.140678509329161
GALA-1K,YNC_Real_Lluvia,2315.0,2314.9,-1972.4,1026531.166,1281389.474,#FFFF00,705.6120000000001,412.3944,-73.8373245331976,7.140667176724771
GALA-1K,YNC-FM_COLORADO,2687.0,2686.9,-2344.4,1026530.351,1281388.02,#FEE6AA,818.9976,705.6120000000001,-73.83733191810704,7.140654033189163
GALA-1K,YNC-LA_CIRA_SHALE,2687.0,2686.9,-2344.4,1026530.351,1281388.02,#FFE619,818.9976,818.9976,-73.83733191810704,7.140654033189163
GALA-1K,YNC-BASE_LA_CIRA_SHALE,2805.0,2804.9,-2462.4,1026529.907,1281387.953,#FFE619,854.964,818.9976,-73.83733593787632,7.14065342945295
GALA-1K,YNC-FM_MUGROSA,5368.0,5367.8,-5025.3,1026524.007,1281387.575,#FED99A,1636.1664,854.964,-73.83738935131232,7.140650039292232
GALA-1K,YNC-HORIZONTE_FOSILIFERO_DE_MUGROSA,5368.0,5367.8,-5025.3,1026524.007,1281387.575,#FED99A,1636.1664,1636.1664,-73.83738935131232,7.140650039292232
GALA-1K,YNC-BASE_HORIZONTE_FOSILIFERO_DE_MUGROSA,5423.0,5422.8,-5080.3,1026523.9,1281387.56,#FED99A,1652.9304000000002,1636.1664,-73.83739032003507,7.140649904163085
GALA-1K,YNC-FM_ESMERALDA-LA_PAZ,7233.0,7232.7,-6890.2,1026520.46,1281387.621,#FDCDA1,2204.6184000000003,1652.9304000000002,-73.83742146145703,7.140650471941136
GALA-1K,YNC-FM_UMIR,7882.0,7881.7,-7539.2,1026518.341,1281388.274,#F2FA8C,2402.4336000000003,2204.6184000000003,-73.83744064130916,7.140656386485267
GALA-1K,YNC-DISCORDANCIA_DEL_EOCENO,7882.0,7881.7,-7539.2,1026518.341,1281388.274,#FDA75F,2402.4336000000003,2402.4336000000003,-73.83744064130916,7.140656386485267
GALA-1K,YNC-FM_LID_SUP,8223.0,8222.6,-7880.1,1026516.865,1281390.313,#CCE968,2506.3704,2402.4336000000003,-73.837453993662,7.140674830505993
GALA-1K,YNC-FM_SH_MEDIO,8728.0,8727.0,-8384.5,1026516.921,1281396.95,#CCE968,2660.2944,2506.3704,-73.83745345541148,7.140734843401163
GALA-1K,YNC-FM_LID_INF,9156.0,9154.7,-8812.2,1026518.442,1281401.379,#CCE968,2790.7488000000003,2660.2944,-73.83743966518239,7.140774884193441
GALA-1K,YNC-MB_GALEMBO,9332.0,9330.6,-8988.1,1026519.111,1281402.914,#E6F47F,2844.3936000000003,2790.7488000000003,-73.83743360160447,7.140788760837514
GALA-1K,YNC-MB_PUJAMANA,9654.0,9652.6,-9310.1,1026518.553,1281404.633,#CCE968,2942.5392,2844.3936000000003,-73.83743864497558,7.140804307027324
GALA-1K,YNC-MB_SALADA,10292.0,10290.5,-9948.0,1026518.813,1281406.69,#BFE35D,3137.0016,2942.5392,-73.83743628154163,7.140822905632109
GALA-1K,YNC-FM_SIMITI,10742.0,10740.4,-10397.9,1026519.635,1281409.061,#B3DE53,3274.1616000000004,3137.0016,-73.83742882893843,7.140844340844375
GALA-1K,YNC-FM_TABLAZO,12607.0,12605.2,-12262.7,1026520.52,1281413.979,#CCEA97,3842.6136,3274.1616000000004,-73.83742079399579,7.140888806272657
GALA-1K,YNC-FM_PAJA,13166.0,13163.5,-12821.0,1026516.706,1281421.779,#BFE48A,4012.9968,3842.6136,-73.83745528470237,7.1409593534860205
GALA-1K,YNC-TD,13500.0,13496.7,-13154.2,1026512.686,1281427.198,#7c538f,4114.8,4012.9968,-73.83749165152702,7.141008372161189
GARZAS-1,YNC_Real_Bagre,1031.0,1031.0,-821.0,1027104.311,1320922.248,#FFFF00,314.2488,0.0,-73.83194053727382,7.498125206692264
GARZAS-1,YNC_Real_Enrejado,1530.0,1530.0,-1320.0,1027104.311,1320922.248,#FFFF00,466.3440000000001,314.2488,-73.83194053727382,7.498125206692264
GARZAS-1,YNC_Real_Hiel,2392.0,2392.0,-2182.0,1027104.311,1320922.248,#FFFF00,729.0816,466.3440000000001,-73.83194053727382,7.498125206692264
GARZAS-1,YNC_Real_Chontorales,2716.0,2716.0,-2506.0,1027104.311,1320922.248,#FFFF00,827.8368,729.0816,-73.83194053727382,7.498125206692264
GARZAS-1,YNC_Real_Lluvia,3057.0,3057.0,-2847.0,1027104.311,1320922.248,#FFFF00,931.7736,827.8368,-73.83194053727382,7.498125206692264
GARZAS-1,YNC-FM_COLORADO,3519.0,3519.0,-3309.0,1027104.311,1320922.248,#FEE6AA,1072.5912,931.7736,-73.83194053727382,7.498125206692264
GARZAS-1,YNC-LA_CIRA_SHALE,3519.0,3519.0,-3309.0,1027104.311,1320922.248,#FFE619,1072.5912,1072.5912,-73.83194053727382,7.498125206692264
GARZAS-1,YNC-BASE_LA_CIRA_SHALE,3643.0,3643.0,-3433.0,1027104.311,1320922.248,#FFE619,1110.3864,1072.5912,-73.83194053727382,7.498125206692264
GARZAS-1,YNC-FM_MUGROSA,5286.0,5286.0,-5076.0,1027104.311,1320922.248,#FED99A,1611.1728,1110.3864,-73.83194053727382,7.498125206692264
GARZAS-1,YNC-HORIZONTE_FOSILIFERO_DE_MUGROSA,5286.0,5286.0,-5076.0,1027104.311,1320922.248,#FED99A,1611.1728,1611.1728,-73.83194053727382,7.498125206692264
GARZAS-1,YNC-BASE_HORIZONTE_FOSILIFERO_DE_MUGROSA,5316.0,5316.0,-5106.0,1027104.311,1320922.248,#FED99A,1620.3168,1611.1728,-73.83194053727382,7.498125206692264
GARZAS-1,YNC-FM_ESMERALDA-LA_PAZ,7237.0,7237.0,-7027.0,1027104.311,1320922.248,#FDCDA1,2205.8376000000003,1620.3168,-73.83194053727382,7.498125206692264
GARZAS-1,YNC-DISCORDANCIA_DEL_EOCENO,8450.0,8450.0,-8240.0,1027104.311,1320922.248,#FDA75F,2575.56,2205.8376000000003,-73.83194053727382,7.498125206692264
GARZAS-1,YNC-FM_UMIR,8450.0,8450.0,-8240.0,1027104.311,1320922.248,#F2FA8C,2575.56,2575.56,-73.83194053727382,7.498125206692264
GARZAS-1,YNC-FM_LID_SUP,9404.0,9404.0,-9194.0,1027104.311,1320922.248,#CCE968,2866.3392000000003,2575.56,-73.83194053727382,7.498125206692264
GARZAS-1,YNC-FM_SH_MEDIO,9845.0,9845.0,-9635.0,1027104.311,1320922.248,#CCE968,3000.7560000000003,2866.3392000000003,-73.83194053727382,7.498125206692264
GUANE-1,YNC_Real_Bagre,759.0,759.0,-429.0,1030340.0,1291909.8,#FFFF00,231.3432,0.0,-73.80278673994131,7.235774500336747
GUANE-1,YNC_Real_Enrejado,1286.0,1286.0,-956.0,1030340.0,1291909.8,#FFFF00,391.9728,231.3432,-73.80278673994131,7.235774500336747
GUANE-1,YNC_Real_Hiel,1856.0,1856.0,-1526.0,1030340.0,1291909.8,#FFFF00,565.7088,391.9728,-73.80278673994131,7.235774500336747
GUANE-1,YNC_Real_Chontorales,2469.7,2469.7,-2139.7,1030340.0,1291909.8,#FFFF00,752.76456,565.7088,-73.80278673994131,7.235774500336747
GUANE-1,YNC_Real_Lluvia,3162.5,3162.5,-2832.5,1030340.0,1291909.8,#FFFF00,963.93,752.76456,-73.80278673994131,7.235774500336747
GUANE-1,YNC-FM_COLORADO,3218.0,3218.0,-2888.0,1030340.0,1291909.8,#FEE6AA,980.8464,963.93,-73.80278673994131,7.235774500336747
GUANE-1,YNC-LA_CIRA_SHALE,3218.0,3218.0,-2888.0,1030340.0,1291909.8,#FFE619,980.8464,980.8464,-73.80278673994131,7.235774500336747
GUANE-1,YNC-BASE_LA_CIRA_SHALE,3656.6,3656.6,-3326.6,1030340.0,1291909.8,#FFE619,1114.53168,980.8464,-73.80278673994131,7.235774500336747
GUANE-1,YNC-FM_MUGROSA,5964.0,5964.0,-5634.0,1030340.0,1291909.8,#FED99A,1817.8272,1114.53168,-73.80278673994131,7.235774500336747
GUANE-1,YNC-HORIZONTE_FOSILIFERO_DE_MUGROSA,5964.0,5964.0,-5634.0,1030340.0,1291909.8,#FED99A,1817.8272,1817.8272,-73.80278673994131,7.235774500336747
GUANE-1,YNC-FM_ESMERALDA-LA_PAZ,7986.0,7986.0,-7656.0,1030340.0,1291909.8,#FDCDA1,2434.1328000000003,1817.8272,-73.80278673994131,7.235774500336747
GUANE-1,YNC-DISCORDANCIA_DEL_EOCENO,8258.0,8258.0,-7928.0,1030340.0,1291909.8,#FDA75F,2517.0384,2434.1328000000003,-73.80278673994131,7.235774500336747
GUANE-1,YNC-MB_SALADA,8258.0,8258.0,-7928.0,1030340.0,1291909.8,#BFE35D,2517.0384,2517.0384,-73.80278673994131,7.235774500336747
GUANE-1,YNC-FM_SIMITI,8610.0,8610.0,-8280.0,1030340.0,1291909.8,#B3DE53,2624.328,2517.0384,-73.80278673994131,7.235774500336747
GUANE-1,YNC-FM_TABLAZO,10311.0,10311.0,-9981.0,1030340.0,1291909.8,#CCEA97,3142.7928,2624.328,-73.80278673994131,7.235774500336747
GUANE-1,YNC-FM_PAJA,10863.0,10863.0,-10533.0,1030340.0,1291909.8,#BFE48A,3311.0424000000003,3142.7928,-73.80278673994131,7.235774500336747
GUANE-1,YNC-FM_ROSABLANCA,11319.0,11319.0,-10989.0,1030340.0,1291909.8,#BFE48A,3450.0312000000004,3311.0424000000003,-73.80278673994131,7.235774500336747
GUANE-1,YNC-FM_SANTOS,11755.0,11755.0,-11425.0,1030340.0,1291909.8,#BFE48A,3582.924,3450.0312000000004,-73.80278673994131,7.235774500336747
GUANE-1,YNC-JURASICO,11978.0,11978.0,-11648.0,1030340.0,1291909.8,#34B2C9,3650.8944,3582.924,-73.80278673994131,7.235774500336747
GUANE-1,YNC-TD,12050.0,12050.0,-11720.0,1030340.0,1291909.8,#7c538f,3672.84,3650.8944,-73.80278673994131,7.235774500336747
LA COQUERA-1,YNC_Real_Bagre,255.0,254.9,5.1,1023611.359,1292827.451,#FFFF00,77.724,0.0,-73.86370867796387,7.244104743376367
LA COQUERA-1,YNC_Real_Enrejado,819.0,818.6,-558.6,1023609.655,1292823.336,#FFFF00,249.6312,77.724,-73.8637241250251,7.244067542024469
LA COQUERA-1,YNC_Real_Hiel,1688.0,1687.2,-1427.2,1023607.028,1292816.995,#FFFF00,514.5024000000001,249.6312,-73.86374793922681,7.244010216688804
LA COQUERA-1,YNC_Real_Chontorales,2335.0,2334.0,-2074.0,1023605.073,1292812.273,#FFFF00,711.7080000000001,514.5024000000001,-73.86376566164326,7.243967527794992
LA COQUERA-1,YNC_Real_Lluvia,2818.0,2816.7,-2556.7,1023603.613,1292808.749,#FFFF00,858.9264000000001,711.7080000000001,-73.86377889678577,7.243935669335764
LA COQUERA-1,YNC-FM_COLORADO,3182.0,3180.6,-2920.6,1023602.513,1292806.093,#FEE6AA,969.8736,858.9264000000001,-73.86378886847119,7.243911657963851
LA COQUERA-1,YNC-LA_CIRA_SHALE,3182.0,3180.6,-2920.6,1023602.513,1292806.093,#FFE619,969.8736,969.8736,-73.86378886847119,7.243911657963851
LA COQUERA-1,YNC-BASE_LA_CIRA_SHALE,3374.0,3372.5,-3112.5,1023601.932,1292804.692,#FFE619,1028.3952000000002,969.8736,-73.8637941353258,7.243898992329935
LA COQUERA-1,YNC-FM_MUGROSA,5547.0,5541.0,-5281.0,1023595.194,1292769.735,#FED99A,1690.7256,1028.3952000000002,-73.86385529596657,7.243582933225502
LA COQUERA-1,YNC-HORIZONTE_FOSILIFERO_DE_MUGROSA,5547.0,5541.0,-5281.0,1023595.194,1292769.735,#FED99A,1690.7256,1690.7256,-73.86385529596657,7.243582933225502
LA COQUERA-1,YNC-BASE_HORIZONTE_FOSILIFERO_DE_MUGROSA,5585.0,5578.8,-5318.8,1023595.194,1292768.498,#FED99A,1702.308,1690.7256,-73.86385530123297,7.243571748039221
LA COQUERA-1,YNC-FM_ESMERALDA-LA_PAZ,7519.0,7505.9,-7245.9,1023592.731,1292719.325,#FDCDA1,2291.7912,1702.308,-73.86387781271739,7.2431271270052155
LA COQUERA-1,YNC-DISCORDANCIA_DEL_EOCENO,8043.0,8029.2,-7769.2,1023590.674,1292711.707,#FDA75F,2451.5064,2291.7912,-73.86389647100756,7.243058252360405
LA COQUERA-1,YNC-FM_UMIR,8043.0,8029.2,-7769.2,1023590.674,1292711.707,#F2FA8C,2451.5064,2451.5064,-73.86389647100756,7.243058252360405
LA COQUERA-1,YNC-FM_LID_SUP,8284.0,8270.1,-8010.1,1023589.047,1292710.007,#CCE968,2524.9632,2451.5064,-73.86391121051257,7.243042887555767
LA COQUERA-1,YNC-FM_SH_MEDIO,8540.0,8526.0,-8266.0,1023587.133,1292708.412,#CCE968,2602.992,2524.9632,-73.86392854831662,7.243028473400018
LA COQUERA-1,YNC-FM_LID_INF,8842.0,8827.8,-8567.8,1023584.874,1292706.53,#CCE968,2695.0416,2602.992,-73.86394901126991,7.243011465601583
LA COQUERA-1,YNC-MB_GALEMBO,8998.0,8983.7,-8723.7,1023583.708,1292705.558,#E6F47F,2742.5904,2695.0416,-73.8639595733805,7.243002681549259
LA COQUERA-1,YNC-MB_PUJAMANA,9278.0,9263.6,-9003.6,1023581.614,1292703.814,#CCE968,2827.9344,2742.5904,-73.8639785416914,7.242986920870275
LA COQUERA-1,YNC-TD,9370.0,9355.5,-9095.5,1023580.926,1292703.24,#7c538f,2855.976,2827.9344,-73.86398477388154,7.242981733577321
LLAN-4,YNC_Real_Enrejado,979.8,979.8,-652.7,1030053.222,1285437.598,#FFFF00,298.64304,0.0,-73.80541833557365,7.177253353071071
LLAN-4,YNC_Real_Hiel,1519.4,1519.4,-1192.3,1030053.222,1285437.598,#FFFF00,463.11312,298.64304,-73.80541833557365,7.177253353071071
LLAN-4,YNC_Real_Chontorales,1977.2,1977.2,-1650.2,1030053.222,1285437.598,#FFFF00,602.65056,463.11312,-73.80541833557365,7.177253353071071
LLAN-4,YNC_Real_Lluvia,2727.0,2727.0,-2399.9,1030053.222,1285437.598,#FFFF00,831.1896,602.65056,-73.80541833557365,7.177253353071071
LLAN-4,YNC-FM_COLORADO,2881.0,2881.0,-2553.9,1030053.222,1285437.598,#FEE6AA,878.1288000000001,831.1896,-73.80541833557365,7.177253353071071
LLAN-4,YNC-LA_CIRA_SHALE,2881.0,2881.0,-2553.9,1030053.222,1285437.598,#FFE619,878.1288000000001,878.1288000000001,-73.80541833557365,7.177253353071071
LLAN-4,YNC-FM_MUGROSA,5681.0,5681.0,-5353.9,1030053.222,1285437.598,#FED99A,1731.5688,878.1288000000001,-73.80541833557365,7.177253353071071
LLAN-4,YNC-BASE_HORIZONTE_FOSILIFERO_DE_MUGROSA,5736.0,5736.0,-5408.9,1030053.222,1285437.598,#FED99A,1748.3328,1731.5688,-73.80541833557365,7.177253353071071
LLAN-4,YNC-FM_ESMERALDA-LA_PAZ,7707.0,7707.0,-7379.9,1030053.222,1285437.598,#FDCDA1,2349.0936,1748.3328,-73.80541833557365,7.177253353071071
LLAN-4,YNC-DISCORDANCIA_DEL_EOCENO,8325.0,8325.0,-7997.9,1030053.222,1285437.598,#FDA75F,2537.46,2349.0936,-73.80541833557365,7.177253353071071
LLAN-4,YNC-FM_UMIR,8325.0,8325.0,-7997.9,1030053.222,1285437.598,#F2FA8C,2537.46,2537.46,-73.80541833557365,7.177253353071071
LLAN-4,YNC-FM_LID_SUP,8584.3,8584.3,-8257.2,1030053.222,1285437.598,#CCE968,2616.49464,2537.46,-73.80541833557365,7.177253353071071
LLANITO-1,YNC_Real_Enrejado,670.0,670.0,-380.0,1029090.13,1286442.7,#FFFF00,204.216,0.0,-73.81413248339533,7.186346749701805
LLANITO-1,YNC_Real_Hiel,1076.0,1076.0,-786.0,1029090.13,1286442.7,#FFFF00,327.9648,204.216,-73.81413248339533,7.186346749701805
LLANITO-1,YNC_Real_Chontorales,1523.0,1523.0,-1233.0,1029090.13,1286442.7,#FFFF00,464.2104000000001,327.9648,-73.81413248339533,7.186346749701805
LLANITO-1,YNC_Real_Lluvia,2365.0,2365.0,-2075.0,1029090.13,1286442.7,#FFFF00,720.8520000000001,464.2104000000001,-73.81413248339533,7.186346749701805
LLANITO-1,YNC-FM_COLORADO,2722.0,2722.0,-2432.0,1029090.13,1286442.7,#FEE6AA,829.6656,720.8520000000001,-73.81413248339533,7.186346749701805
LLANITO-1,YNC-LA_CIRA_SHALE,2722.0,2722.0,-2432.0,1029090.13,1286442.7,#FFE619,829.6656,829.6656,-73.81413248339533,7.186346749701805
LLANITO-1,YNC-BASE_LA_CIRA_SHALE,2821.0,2821.0,-2531.0,1029090.13,1286442.7,#FFE619,859.8408000000001,829.6656,-73.81413248339533,7.186346749701805
LLANITO-1,YNC-HORIZONTE_FOSILIFERO_DE_MUGROSA,5224.0,5224.0,-4934.0,1029090.13,1286442.7,#FED99A,1592.2752,859.8408000000001,-73.81413248339533,7.186346749701805
LLANITO-1,YNC-FM_MUGROSA,5224.0,5224.0,-4934.0,1029090.13,1286442.7,#FED99A,1592.2752,1592.2752,-73.81413248339533,7.186346749701805
LLANITO-1,YNC-BASE_HORIZONTE_FOSILIFERO_DE_MUGROSA,5283.0,5283.0,-4993.0,1029090.13,1286442.7,#FED99A,1610.2584000000002,1592.2752,-73.81413248339533,7.186346749701805
LLANITO-1,YNC-FM_ESMERALDA-LA_PAZ,6972.0,6972.0,-6682.0,1029090.13,1286442.7,#FDCDA1,2125.0656,1610.2584000000002,-73.81413248339533,7.186346749701805
LLANITO-1,YNC-DISCORDANCIA_DEL_EOCENO,7500.0,7500.0,-7210.0,1029090.13,1286442.7,#FDA75F,2286.0,2125.0656,-73.81413248339533,7.186346749701805
LLANITO-1,YNC-MB_PUJAMANA,7500.0,7500.0,-7210.0,1029090.13,1286442.7,#CCE968,2286.0,2286.0,-73.81413248339533,7.186346749701805
LLANITO-1,YNC-MB_SALADA,7860.0,7860.0,-7570.0,1029090.13,1286442.7,#BFE35D,2395.728,2286.0,-73.81413248339533,7.186346749701805
LLANITO-1,YNC_Salada_Falla_Llanito1_HW,7860.0,7860.0,-7570.0,1029090.13,1286442.7,#BFE35D,2395.728,2395.728,-73.81413248339533,7.186346749701805
LLANITO-1,YNC-FM_SH_MEDIO,8253.0,8253.0,-7963.0,1029090.13,1286442.7,#CCE968,2515.5144,2395.728,-73.81413248339533,7.186346749701805
LLANITO-1,YNC-FM_LID_INF,8330.0,8330.0,-8040.0,1029090.13,1286442.7,#CCE968,2538.984,2515.5144,-73.81413248339533,7.186346749701805
LLANITO-1,YNC-MB_GALEMBO,8517.0,8517.0,-8227.0,1029090.13,1286442.7,#E6F47F,2595.9816,2538.984,-73.81413248339533,7.186346749701805
LLANITO-1,YNC-MB_PUJAMANA,8795.0,8795.0,-8505.0,1029090.13,1286442.7,#CCE968,2680.7160000000003,2595.9816,-73.81413248339533,7.186346749701805
LLANITO-1,YNC-MB_SALADA,9387.0,9387.0,-9097.0,1029090.13,1286442.7,#BFE35D,2861.1576,2286.0,-73.81413248339533,7.186346749701805
LLANITO-1,YNC-FM_SIMITI,9845.0,9845.0,-9555.0,1029090.13,1286442.7,#B3DE53,3000.7560000000003,2395.728,-73.81413248339533,7.186346749701805
LLANITO-1,YNC-FM_TABLAZO,11771.0,11771.0,-11481.0,1029090.13,1286442.7,#CCEA97,3587.8008,3000.7560000000003,-73.81413248339533,7.186346749701805
LLANITO-1,YNC-FM_PAJA,12320.0,12320.0,-12030.0,1029090.13,1286442.7,#BFE48A,3755.136,3587.8008,-73.81413248339533,7.186346749701805
LLANITO-1,YNC-FM_ROSABLANCA,12912.0,12912.0,-12622.0,1029090.13,1286442.7,#BFE48A,3935.5776,3755.136,-73.81413248339533,7.186346749701805
LLANITO-1,YNC-FM_SANTOS,13482.0,13482.0,-13192.0,1029090.13,1286442.7,#BFE48A,4109.3136,3935.5776,-73.81413248339533,7.186346749701805
LLANITO-1,YNC-TD,13561.0,13561.0,-13271.0,1029090.13,1286442.7,#7c538f,4133.3928000000005,4109.3136,-73.81413248339533,7.186346749701805
MANATI BLANCO-1,YNC_Real_Bagre,314.0,314.0,-49.0,1020265.944,1294247.95,#FFFF00,95.7072,0.0,-73.89399586759534,7.256962406948216
MANATI BLANCO-1,YNC_Real_Enrejado,854.0,854.0,-589.0,1020265.316,1294248.635,#FFFF00,260.2992,95.7072,-73.89400155172761,7.2569686031519955
MANATI BLANCO-1,YNC_Real_Hiel,1712.0,1712.0,-1447.0,1020265.173,1294249.701,#FFFF00,521.8176,260.2992,-73.89400284271053,7.256978242659324
MANATI BLANCO-1,YNC_Real_Chontorales,2235.0,2235.0,-1970.0,1020266.264,1294249.152,#FFFF00,681.2280000000001,521.8176,-73.89399296553972,7.256973274500793
MANATI BLANCO-1,YNC_Real_Lluvia,2718.0,2717.9,-2452.9,1020265.961,1294248.478,#FFFF00,828.4464,681.2280000000001,-73.89399571172319,7.256967181167127
MANATI BLANCO-1,YNC-FM_COLORADO,3119.0,3118.9,-2853.9,1020265.057,1294247.749,#FEE6AA,950.6712,828.4464,-73.89400390026046,7.2569605927111125
MANATI BLANCO-1,YNC-LA_CIRA_SHALE,3119.0,3118.9,-2853.9,1020265.057,1294247.749,#FFE619,950.6712,950.6712,-73.89400390026046,7.2569605927111125
MANATI BLANCO-1,YNC-BASE_LA_CIRA_SHALE,3286.0,3285.9,-3020.9,1020264.678,1294247.566,#FFE619,1001.5728,950.6712,-73.89400733283726,7.256958939375131
MANATI BLANCO-1,YNC-FM_MUGROSA,5243.0,5242.8,-4977.8,1020258.12,1294246.166,#FED99A,1598.0664000000002,1001.5728,-73.8940667217169,7.256946304282608
MANATI BLANCO-1,YNC-HORIZONTE_FOSILIFERO_DE_MUGROSA,5243.0,5242.8,-4977.8,1020258.12,1294246.166,#FED99A,1598.0664000000002,1598.0664000000002,-73.8940667217169,7.256946304282608
MANATI BLANCO-1,YNC-BASE_HORIZONTE_FOSILIFERO_DE_MUGROSA,5300.1,5299.8,-5034.8,1020257.895,1294246.136,#FED99A,1615.4704800000002,1598.0664000000002,-73.89406875923817,7.256946033839444
MANATI BLANCO-1,YNC-FM_ESMERALDA-LA_PAZ,7435.0,7434.3,-7169.3,1020252.439,1294235.674,#FDCDA1,2266.188,1615.4704800000002,-73.89411820250379,7.256851454301386
MANATI BLANCO-1,YNC-FM_UMIR,8917.0,8914.5,-8649.5,1020236.544,1294222.955,#F2FA8C,2717.9016,2266.188,-73.89426218080007,7.256736504656356
MANATI BLANCO-1,YNC-DISCORDANCIA_DEL_EOCENO,8917.0,8914.5,-8649.5,1020236.544,1294222.955,#FDA75F,2717.9016,2717.9016,-73.89426218080007,7.256736504656356
MANATI BLANCO-1,YNC-FM_LID_SUP,9472.0,9467.6,-9202.6,1020224.978,1294215.057,#CCE968,2887.0656000000004,2717.9016,-73.89436694162993,7.256665131603823
MANATI BLANCO-1,YNC-FM_SH_MEDIO,10051.0,10044.8,-9779.8,1020214.232,1294206.035,#CCE968,3063.5448,2887.0656000000004,-73.89446428130721,7.256583592101905
MANATI BLANCO-1,YNC-FM_LID_INF,10430.0,10422.7,-10157.7,1020206.869,1294201.144,#CCE968,3179.0640000000003,3063.5448,-73.89453097227718,7.256539393565754
MANATI BLANCO-1,YNC-MB_GALEMBO,10604.0,10596.2,-10331.2,1020203.549,1294199.05,#E6F47F,3232.0992,3179.0640000000003,-73.89456104303564,7.256520471308644
MANATI BLANCO-1,YNC-MB_PUJAMANA,11044.0,11034.9,-10769.9,1020194.764,1294194.077,#CCE968,3366.2112,3232.0992,-73.89464061071351,7.2564755364810924
MANATI BLANCO-1,YNC-MB_SALADA,11715.0,11704.1,-11439.1,1020180.892,1294187.504,#BFE35D,3570.732,3366.2112,-73.89476624776987,7.25641615265266
MANATI BLANCO-1,YNC-FM_SIMITI,12127.0,12115.1,-11850.1,1020173.133,1294183.963,#B3DE53,3696.3096,3570.732,-73.89483651960326,7.256384162482097
MANATI BLANCO-1,YNC-FM_TABLAZO,13750.0,13733.1,-13468.1,1020139.868,1294165.421,#CCEA97,4191.0,3696.3096,-73.89513780670367,7.256216623040346
MANATI BLANCO-1,YNC-FM_PAJA,14249.0,14231.2,-13966.2,1020137.082,1294156.52,#BFE48A,4343.095200000001,4191.0,-73.89516306674422,7.2561361485455285
MANATI BLANCO-1,YNC-TD,14316.0,14298.0,-14033.0,1020136.929,1294155.18,#7c538f,4363.5168,4343.095200000001,-73.895164457059,7.256124032553657
PEDRAL-1,YNC-CUATERNARIO,15.0,15.0,262.0,1024964.1,1294975.3,#F9F97F,4.572,0.0,-73.8514500753044,7.263520052096837
PEDRAL-1,YNC_Real_Bagre,255.0,255.0,22.0,1024964.106,1294975.32,#FFFF00,77.724,4.572,-73.85145002088244,7.26352023291322
PEDRAL-1,YNC_Real_Enrejado,985.0,985.0,-708.0,1024964.106,1294975.32,#FFFF00,300.228,77.724,-73.85145002088244,7.26352023291322
PEDRAL-1,YNC_Real_Hiel,1845.0,1845.0,-1568.0,1024964.106,1294975.32,#FFFF00,562.356,300.228,-73.85145002088244,7.26352023291322
PEDRAL-1,YNC_Real_Chontorales,2308.0,2308.0,-2031.0,1024964.106,1294975.32,#FFFF00,703.4784000000001,562.356,-73.85145002088244,7.26352023291322
PEDRAL-1,YNC_Real_Lluvia,2875.0,2875.0,-2598.0,1024964.106,1294975.32,#FFFF00,876.3000000000001,703.4784000000001,-73.85145002088244,7.26352023291322
PEDRAL-1,YNC-FM_COLORADO,3242.0,3242.0,-2965.0,1024964.106,1294975.32,#FEE6AA,988.1616,876.3000000000001,-73.85145002088244,7.26352023291322
PEDRAL-1,YNC-LA_CIRA_SHALE,3242.0,3242.0,-2965.0,1024964.106,1294975.32,#FFE619,988.1616,988.1616,-73.85145002088244,7.26352023291322
PEDRAL-1,YNC-BASE_LA_CIRA_SHALE,3403.0,3403.0,-3126.0,1024964.106,1294975.32,#FFE619,1037.2344,988.1616,-73.85145002088244,7.26352023291322
PEDRAL-1,YNC-FM_MUGROSA,5471.0,5471.0,-5194.0,1024964.106,1294975.32,#FED99A,1667.5608,1037.2344,-73.85145002088244,7.26352023291322
PEDRAL-1,YNC-HORIZONTE_FOSILIFERO_DE_MUGROSA,5471.0,5471.0,-5194.0,1024964.106,1294975.32,#FED99A,1667.5608,1667.5608,-73.85145002088244,7.26352023291322
PEDRAL-1,YNC-BASE_HORIZONTE_FOSILIFERO_DE_MUGROSA,5537.0,5537.0,-5260.0,1024964.106,1294975.32,#FED99A,1687.6776,1667.5608,-73.85145002088244,7.26352023291322
PEDRAL-1,YNC-FM_ESMERALDA-LA_PAZ,7561.0,7561.0,-7284.0,1024964.106,1294975.32,#FDCDA1,2304.5928,1687.6776,-73.85145002088244,7.26352023291322
PEDRAL-1,YNC-DISCORDANCIA_DEL_EOCENO,8020.0,8020.0,-7743.0,1024964.106,1294975.32,#FDA75F,2444.496,2304.5928,-73.85145002088244,7.26352023291322
PEDRAL-1,YNC-FM_UMIR,8020.0,8020.0,-7743.0,1024964.106,1294975.32,#F2FA8C,2444.496,2444.496,-73.85145002088244,7.26352023291322
PEDRAL-1,YNC-FM_LID_SUP,8323.0,8323.0,-8046.0,1024964.106,1294975.32,#CCE968,2536.8504000000003,2444.496,-73.85145002088244,7.26352023291322
PEDRAL-1,YNC-FM_SH_MEDIO,8572.0,8572.0,-8295.0,1024964.106,1294975.32,#CCE968,2612.7456,2536.8504000000003,-73.85145002088244,7.26352023291322
PROMETEO-1,YNC_Real_Enrejado,245.0,245.0,89.7,1026639.489,1284373.594,#FFFF00,74.676,0.0,-73.83632974228918,7.167649692052697
PROMETEO-1,YNC_Real_Hiel,1013.0,1013.0,-678.3,1026639.529,1284372.983,#FFFF00,308.7624,74.676,-73.8363293830603,7.167644167078302
PROMETEO-1,YNC_Real_Chontorales,1436.0,1436.0,-1101.3,1026639.302,1284372.629,#FFFF00,437.6928,308.7624,-73.83633143985485,7.167640967217416
PROMETEO-1,YNC_Real_Lluvia,2448.0,2448.0,-2113.3,1026637.509,1284373.986,#FFFF00,746.1504,437.6928,-73.83634766606585,7.1676532459981495
PROMETEO-1,YNC-FM_COLORADO,2757.0,2756.9,-2422.2,1026636.77,1284374.242,#FEE6AA,840.3336,746.1504,-73.83635435527722,7.167655564310739
PROMETEO-1,YNC-LA_CIRA_SHALE,2757.0,2756.9,-2422.2,1026636.77,1284374.242,#FFE619,840.3336,840.3336,-73.83635435527722,7.167655564310739
PROMETEO-1,YNC-BASE_LA_CIRA_SHALE,2902.0,2901.9,-2567.2,1026636.538,1284374.401,#FFE619,884.5296000000001,840.3336,-73.83635645489936,7.16765700312228
PROMETEO-1,YNC-HORIZONTE_FOSILIFERO_DE_MUGROSA,5082.0,5081.8,-4747.1,1026632.857,1284378.753,#FED99A,1548.9936,884.5296000000001,-73.83638975960669,7.1676963722568034
PROMETEO-1,YNC-FM_MUGROSA,5082.0,5081.8,-4747.1,1026632.857,1284378.753,#FED99A,1548.9936,1548.9936,-73.83638975960669,7.1676963722568034
PROMETEO-1,YNC-BASE_HORIZONTE_FOSILIFERO_DE_MUGROSA,5143.0,5142.8,-4808.1,1026632.625,1284378.876,#FED99A,1567.5864,1548.9936,-73.83639185940027,7.167697485548975
PROMETEO-1,YNC-FM_ESMERALDA-LA_PAZ,7220.0,7219.7,-6885.0,1026627.17,1284381.209,#FDCDA1,2200.656,1567.5864,-73.83644123436228,7.167718606899846
PROMETEO-1,YNC-DISCORDANCIA_DEL_EOCENO,7569.0,7568.7,-7234.0,1026626.519,1284381.214,#FDA75F,2307.0312,2200.656,-73.83644712807276,7.167718655201086
PROMETEO-1,YNC-FM_LID_SUP,7569.0,7568.7,-7234.0,1026626.519,1284381.214,#CCE968,2307.0312,2307.0312,-73.83644712807276,7.167718655201086
PROMETEO-1,YNC-FM_SH_MEDIO,7806.0,7805.7,-7471.0,1026625.891,1284381.926,#CCE968,2379.2688000000003,2307.0312,-73.83645281019601,7.167725096228776
PROMETEO-1,YNC-FM_LID_INF,8185.0,8184.5,-7849.8,1026623.906,1284384.315,#CCE968,2494.788,2379.2688000000003,-73.83647076975325,7.167746707467544
PROMETEO-1,YNC-MB_GALEMBO,8324.0,8323.4,-7988.7,1026622.584,1284385.777,#E6F47F,2537.1552,2494.788,-73.83648273134214,7.1677599334391715
PROMETEO-1,YNC-MB_PUJAMANA,8588.0,8587.0,-8252.3,1026619.615,1284388.892,#CCE968,2617.6224,2537.1552,-73.83650959595535,7.167788113984168
PROMETEO-1,YNC-MB_SALADA,9182.0,9180.0,-8845.3,1026612.873,1284396.924,#BFE35D,2798.6736,2617.6224,-73.83657059553116,7.167860772929537
PROMETEO-1,YNC-FM_SIMITI,9576.0,9572.8,-9238.1,1026607.892,1284404.875,#B3DE53,2918.7648,2798.6736,-73.83661565254467,7.167932691095654
PROMETEO-1,YNC-FM_TABLAZO,11306.0,11294.1,-10959.4,1026581.963,1284450.615,#CCEA97,3446.0688,2918.7648,-73.8368501800686,7.168346404286584
PROMETEO-1,YNC-FM_PAJA,11804.0,11789.6,-11454.9,1026573.461,1284463.173,#BFE48A,3597.8592000000003,3446.0688,-73.83692709223114,7.168459996527474
PROMETEO-1,YNC-FM_ROSABLANCA,12290.0,12273.5,-11938.8,1026565.956,1284474.633,#BFE48A,3745.992,3597.8592000000003,-73.83699498342618,7.168563655697779
PROMETEO-1,YNC-FM_SANTOS,13081.0,13062.8,-12728.1,1026561.105,1284487.93,#BFE48A,3987.0888,3745.992,-73.83703883828545,7.1686839128125825
PROMETEO-1,YNC-JURASICO,13322.0,13303.7,-12969.0,1026563.233,1284488.07,#34B2C9,4060.5456,3987.0888,-73.83701957204029,7.168685168642385
PROMETEO-1,YNC-TD,13500.0,13481.6,-13146.9,1026564.621,1284487.275,#7c538f,4114.8,4060.5456,-73.83700700972636,7.1686779735190145
YARIGUI-1,YNC_Real_Bagre,123.2,123.2,99.8,1019781.405,1308274.872,#FFFF00,37.55136,0.0,-73.89833283643377,7.383798054721723
YARIGUI-1,YNC_Real_Enrejado,934.3,934.3,-711.3,1019781.405,1308274.872,#FFFF00,284.77464,37.55136,-73.89833283643377,7.383798054721723
YARIGUI-1,YNC_Real_Hiel,1915.0,1915.0,-1692.0,1019781.405,1308274.872,#FFFF00,583.692,284.77464,-73.89833283643377,7.383798054721723
YARIGUI-1,YNC_Real_Chontorales,2191.0,2191.0,-1968.0,1019781.405,1308274.872,#FFFF00,667.8168000000001,583.692,-73.89833283643377,7.383798054721723
YARIGUI-1,YNC_Real_Lluvia,2618.0,2618.0,-2395.0,1019781.405,1308274.872,#FFFF00,797.9664,667.8168000000001,-73.89833283643377,7.383798054721723
YARIGUI-1,YNC-FM_COLORADO,3021.0,3021.0,-2798.0,1019781.405,1308274.872,#FEE6AA,920.8008,797.9664,-73.89833283643377,7.383798054721723
YARIGUI-1,YNC-LA_CIRA_SHALE,3021.0,3021.0,-2798.0,1019781.405,1308274.872,#FFE619,920.8008,920.8008,-73.89833283643377,7.383798054721723
YARIGUI-1,YNC-BASE_LA_CIRA_SHALE,3159.0,3159.0,-2936.0,1019781.405,1308274.872,#FFE619,962.8632,920.8008,-73.89833283643377,7.383798054721723
YARIGUI-1,YNC-FM_MUGROSA,4769.0,4769.0,-4546.0,1019781.405,1308274.872,#FED99A,1453.5912,962.8632,-73.89833283643377,7.383798054721723
YARIGUI-1,YNC-BASE_HORIZONTE_FOSILIFERO_DE_MUGROSA,4843.5,4843.5,-4620.5,1019781.405,1308274.872,#FED99A,1476.2988,1453.5912,-73.89833283643377,7.383798054721723
YARIGUI-1,YNC-FM_ESMERALDA-LA_PAZ,7449.0,7449.0,-7226.0,1019781.405,1308274.872,#FDCDA1,2270.4552000000003,1476.2988,-73.89833283643377,7.383798054721723
YARIGUI-1,YNC-DISCORDANCIA_DEL_EOCENO,9795.4,9795.4,-9572.4,1019781.405,1308274.872,#FDA75F,2985.63792,2270.4552000000003,-73.89833283643377,7.383798054721723
YARIGUI-1,YNC-FM_UMIR,9795.4,9795.4,-9572.4,1019781.405,1308274.872,#F2FA8C,2985.63792,2985.63792,-73.89833283643377,7.383798054721723
YARIGUI-1,YNC-FM_LID_SUP,10170.0,10170.0,-9947.0,1019781.405,1308274.872,#CCE968,3099.8160000000003,2985.63792,-73.89833283643377,7.383798054721723
CANT-4,YNC_Real_Hiel,1041.2,1041.2,-814.8,1016333.994,1304126.296,#FFFF00,317.35776000000004,0.0,-73.92957099264366,7.346297352530535
CANT-4,YNC_Real_Chontorales,1489.2,1489.2,-1262.8,1016333.994,1304126.296,#FFFF00,453.90816,317.35776000000004,-73.92957099264366,7.346297352530535
CANT-4,YNC_Real_Lluvia,1828.2,1828.2,-1601.8,1016333.994,1304126.296,#FFFF00,557.23536,453.90816,-73.92957099264366,7.346297352530535
CANT-4,YNC-FM_COLORADO,2215.0,2215.0,-1988.6,1016333.994,1304126.296,#FEE6AA,675.1320000000001,557.23536,-73.92957099264366,7.346297352530535
CANT-4,YNC-LA_CIRA_SHALE,2215.0,2215.0,-1988.6,1016333.994,1304126.296,#FFE619,675.1320000000001,675.1320000000001,-73.92957099264366,7.346297352530535
CANT-4,YNC-BASE_LA_CIRA_SHALE,2306.0,2306.0,-2079.6,1016333.994,1304126.296,#FFE619,702.8688000000001,675.1320000000001,-73.92957099264366,7.346297352530535
CANT-4,YNC-FM_MUGROSA,3950.0,3950.0,-3723.6,1016333.994,1304126.296,#FED99A,1203.96,702.8688000000001,-73.92957099264366,7.346297352530535
CANT-4,YNC-HORIZONTE_FOSILIFERO_DE_MUGROSA,3950.0,3950.0,-3723.6,1016333.994,1304126.296,#FED99A,1203.96,1203.96,-73.92957099264366,7.346297352530535
CANT-4,YNC-BASE_HORIZONTE_FOSILIFERO_DE_MUGROSA,4058.0,4058.0,-3831.6,1016333.994,1304126.296,#FED99A,1236.8784,1203.96,-73.92957099264366,7.346297352530535
CANT-4,YNC-FM_ESMERALDA-LA_PAZ,5923.0,5923.0,-5696.6,1016333.994,1304126.296,#FDCDA1,1805.3304,1236.8784,-73.92957099264366,7.346297352530535
CANT-4,YNC-DISCORDANCIA_DEL_EOCENO,6641.0,6641.0,-6414.6,1016333.994,1304126.296,#FDA75F,2024.1768,1805.3304,-73.92957099264366,7.346297352530535
CANT-4,YNC-FM_UMIR,6641.0,6641.0,-6414.6,1016333.994,1304126.296,#F2FA8C,2024.1768,2024.1768,-73.92957099264366,7.346297352530535
CANT-4,YNC-FM_LID_SUP,6866.0,6866.0,-6639.6,1016333.994,1304126.296,#CCE968,2092.7568,2024.1768,-73.92957099264366,7.346297352530535
SABALO-1K,YNC_Real_Hiel,392.0,392.0,-151.0,1013149.847,1283026.43,#FFFF00,119.4816,0.0,-73.95845986844506,7.155516123776166
SABALO-1K,YNC_Real_Chontorales,933.0,933.0,-692.0,1013149.234,1283026.281,#FFFF00,284.3784,119.4816,-73.95846541839076,7.155514777913068
SABALO-1K,YNC_Real_Lluvia,1203.0,1203.0,-962.0,1013148.194,1283026.143,#FFFF00,366.6744,284.3784,-73.9584748340166,7.155513532514015
SABALO-1K,YNC-FM_COLORADO,1646.0,1646.0,-1405.0,1013148.187,1283025.935,#FEE6AA,501.7008,366.6744,-73.95847489787613,7.155511651739044
SABALO-1K,YNC-LA_CIRA_SHALE,1646.0,1646.0,-1405.0,1013148.187,1283025.935,#FFE619,501.7008,501.7008,-73.95847489787613,7.155511651739044
SABALO-1K,YNC-BASE_LA_CIRA_SHALE,1833.0,1833.0,-1592.0,1013148.154,1283025.842,#FFE619,558.6984,501.7008,-73.95847519684881,7.155510810885513
SABALO-1K,YNC-FM_MUGROSA,3356.0,3355.9,-3114.9,1013147.906,1283025.663,#FED99A,1022.9088,558.6984,-73.95847744245566,7.1555091929001815
SABALO-1K,YNC-HORIZONTE_FOSILIFERO_DE_MUGROSA,3356.0,3355.9,-3114.9,1013147.906,1283025.663,#FED99A,1022.9088,1022.9088,-73.95847744245566,7.1555091929001815
SABALO-1K,YNC-BASE_HORIZONTE_FOSILIFERO_DE_MUGROSA,3430.0,3429.9,-3188.9,1013147.877,1283025.659,#FED99A,1045.464,1022.9088,-73.95847770500713,7.155509156798978
SABALO-1K,YNC-FM_ESMERALDA-LA_PAZ,4869.0,4868.9,-4627.9,1013149.388,1283025.701,#FDCDA1,1484.0712,1045.464,-73.95846402556069,7.155509533038332
SABALO-1K,YNC-DISCORDANCIA_DEL_EOCENO,5454.0,5453.9,-5212.9,1013150.407,1283025.646,#FDA75F,1662.3792,1484.0712,-73.95845480050383,7.155509033328951
SABALO-1K,YNC-MB_PUJAMANA,5454.0,5453.9,-5212.9,1013150.407,1283025.646,#CCE968,1662.3792,1662.3792,-73.95845480050383,7.155509033328951
SABALO-1K,YNC-MB_SALADA,5797.0,5796.9,-5555.9,1013150.261,1283025.5,#BFE35D,1766.9256,1662.3792,-73.95845612260953,7.15550771349979
SABALO-1K,YNC-FM_SIMITI,6249.0,6248.7,-6007.7,1013146.155,1283025.367,#B3DE53,1904.6952,1766.9256,-73.95849329525916,7.155506520486345
SABALO-1K,YNC-FM_TABLAZO,8045.0,8043.0,-7802.0,1013123.36,1283020.114,#CCEA97,2452.116,1904.6952,-73.9586996746756,7.155459074747173
SABALO-1K,YNC-FM_PAJA,8702.0,8697.8,-8456.8,1013107.777,1283016.376,#BFE48A,2652.3696,2452.116,-73.9588407590244,7.155425311128961
SABALO-1K,YNC-FM_ROSABLANCA,9287.0,9281.4,-9040.4,1013096.174,1283013.816,#BFE48A,2830.6776,2652.3696,-73.95894580897476,7.155402189982173
SABALO-1K,YNC-FM_SANTOS,10029.0,10022.8,-9781.8,1013087.4,1283010.955,#BFE48A,3056.8392000000003,2830.6776,-73.95902524819036,7.155376340500699
SABALO-1K,YNC-JURASICO,10234.0,10227.6,-9986.6,1013084.753,1283010.362,#34B2C9,3119.3232000000003,3056.8392000000003,-73.95904921332176,7.155370984601283
SABALO-1K,YNC-TD,10314.0,10307.5,-10066.5,1013083.775,1283010.299,#7c538f,3143.7072000000003,3119.3232000000003,-73.9590580674717,7.155370417215826
MATCY-1,YNC-FM_COLORADO,3182.0,3182.0,-2884.0,1030578.082,1292015.239,#FEE6AA,969.8736,0.0,-73.80063040242,7.23672659014098
MATCY-1,YNC-BASE_LA_CIRA_SHALE,3236.0,3236.0,-2938.0,1030578.082,1292015.239,#FFE619,986.3328,969.8736,-73.80063040242,7.23672659014098
MATCY-1,YNC_Real_Lluvia,3413.0,3413.0,-3115.0,1030578.082,1292015.239,#FFFF00,1040.2824,986.3328,-73.80063040242,7.23672659014098
MATCY-1,YNC-FM_MUGROSA,5956.0,5956.0,-5658.0,1030578.082,1292015.239,#FED99A,1815.3888,1040.2824,-73.80063040242,7.23672659014098
MATCY-1,YNC-BASE_HORIZONTE_FOSILIFERO_DE_MUGROSA,6046.0,6046.0,-5748.0,1030578.082,1292015.239,#FED99A,1842.8208,1815.3888,-73.80063040242,7.23672659014098
MATCY-1,YNC-FM_ESMERALDA-LA_PAZ,8084.0,8084.0,-7786.0,1030578.082,1292015.239,#FDCDA1,2464.0032,1842.8208,-73.80063040242,7.23672659014098
MATCY-1,YNC-DISCORDANCIA_DEL_EOCENO,8430.0,8430.0,-8132.0,1030578.082,1292015.239,#FDA75F,2569.464,2464.0032,-73.80063040242,7.23672659014098
MATCY-1,YNC-MB_SALADA,8430.0,8430.0,-8132.0,1030578.082,1292015.239,#BFE35D,2569.464,2569.464,-73.80063040242,7.23672659014098
CANT-15,YNC-FM_COLORADO,2039.0,2039.0,-1818.8,1017203.3,1306052.9,#FEE6AA,621.4872,0.0,-73.92169163590161,7.363715374819071
CANT-15,YNC-BASE_LA_CIRA_SHALE,2172.0,2172.0,-1951.8,1017203.3,1306052.9,#FFE619,662.0256,621.4872,-73.92169163590161,7.363715374819071
CANT-15,YNC-FM_MUGROSA,3852.0,3852.0,-3631.8,1017203.3,1306052.9,#FED99A,1174.0896,662.0256,-73.92169163590161,7.363715374819071
CANT-15,YNC-HORIZONTE_FOSILIFERO_DE_MUGROSA,3852.0,3852.0,-3631.8,1017203.3,1306052.9,#FED99A,1174.0896,1174.0896,-73.92169163590161,7.363715374819071
CANT-15,YNC-BASE_HORIZONTE_FOSILIFERO_DE_MUGROSA,3914.9,3914.9,-3694.7,1017203.3,1306052.9,#FED99A,1193.26152,1174.0896,-73.92169163590161,7.363715374819071
CANT-15,YNC-FM_ESMERALDA-LA_PAZ,6010.0,6010.0,-5789.8,1017203.3,1306052.9,#FDCDA1,1831.848,1193.26152,-73.92169163590161,7.363715374819071
CANT-15,YNC-DISCORDANCIA_DEL_EOCENO,7693.0,7693.0,-7472.8,1017203.3,1306052.9,#FDA75F,2344.8264,1831.848,-73.92169163590161,7.363715374819071
CANT-15,YNC-FM_LID_SUP,7693.0,7693.0,-7472.8,1017203.3,1306052.9,#CCE968,2344.8264,2344.8264,-73.92169163590161,7.363715374819071
CANT-15,YNC-FM_SH_MEDIO,8077.0,8077.0,-7856.8,1017203.3,1306052.9,#CCE968,2461.8696,2344.8264,-73.92169163590161,7.363715374819071
CANT-15,YNC-FM_LID_INF,8458.0,8458.0,-8237.8,1017203.3,1306052.9,#CCE968,2577.9984,2461.8696,-73.92169163590161,7.363715374819071
CANT-15,YNC-MB_GALEMBO,8624.0,8624.0,-8403.8,1017203.3,1306052.9,#E6F47F,2628.5952,2577.9984,-73.92169163590161,7.363715374819071
CANT-16,YNC-FM_COLORADO,1307.0,1307.0,-1086.0,1014871.994,1304166.313,#FEE6AA,398.3736,0.0,-73.9428121861785,7.346663362780506
CANT-16,YNC-BASE_LA_CIRA_SHALE,1360.0,1360.0,-1139.0,1014871.994,1304166.313,#FFE619,414.528,398.3736,-73.9428121861785,7.346663362780506
CANT-16,YNC-FM_MUGROSA,2874.0,2874.0,-2653.0,1014871.994,1304166.313,#FED99A,875.9952000000001,414.528,-73.9428121861785,7.346663362780506
CANT-16,YNC-DISCORDANCIA_DEL_EOCENO,3383.0,3383.0,-3162.0,1014871.994,1304166.313,#FDA75F,1031.1384,875.9952000000001,-73.9428121861785,7.346663362780506
CANT-19,YNC-FM_COLORADO,2018.0,2017.8,-1793.8,1016616.411,1305145.031,#FEE6AA,615.0864,0.0,-73.92701004803372,7.355508084131289
CANT-19,YNC-BASE_LA_CIRA_SHALE,2043.0,2042.7,-1818.7,1016616.467,1305144.919,#FFE619,622.7064,615.0864,-73.92700954117382,7.3555070712374135
CANT-19,YNC-FM_MUGROSA,3730.0,3729.3,-3505.3,1016623.16,1305137.939,#FED99A,1136.904,622.7064,-73.92694894286151,7.35544393650061
CANT-19,YNC-BASE_HORIZONTE_FOSILIFERO_DE_MUGROSA,3805.8,3805.1,-3581.1,1016623.71,1305137.674,#FED99A,1160.0078400000002,1136.904,-73.92694396223101,7.355441538651158
CANT-19,YNC-FM_ESMERALDA-LA_PAZ,5940.0,5903.8,-5679.8,1016724.951,1305099.502,#FDCDA1,1810.512,1160.0078400000002,-73.9260271233421,7.355096071844288
CANT-19,YNC-DISCORDANCIA_DEL_EOCENO,6733.0,6668.8,-6444.8,1016784.017,1305075.935,#FDA75F,2052.2184,1810.512,-73.92549222607587,7.354882793831463
CANT-19,YNC-FM_LID_SUP,6733.0,6668.8,-6444.8,1016784.017,1305075.935,#CCE968,2052.2184,2052.2184,-73.92549222607587,7.354882793831463
CANT-2,YNC-FM_COLORADO,2038.0,2038.0,-1810.5,1016435.956,1304862.25,#FEE6AA,621.1824,0.0,-73.92864530991841,7.352951674256968
CANT-2,YNC-BASE_LA_CIRA_SHALE,2147.0,2147.0,-1919.5,1016435.981,1304862.25,#FFE619,654.4056,621.1824,-73.92864508349065,7.352951674181802
CANT-2,YNC-FM_MUGROSA,3729.0,3729.0,-3501.5,1016436.343,1304862.25,#FED99A,1136.5992,654.4056,-73.92864180481676,7.352951673093379
CANT-2,YNC-FM_ESMERALDA-LA_PAZ,5510.0,5510.0,-5282.5,1016436.75,1304862.25,#FDCDA1,1679.448,1136.5992,-73.92863811857293,7.352951671869629
CANT-2,YNC-DISCORDANCIA_DEL_EOCENO,6166.0,6166.0,-5938.5,1016436.9,1304862.25,#FDA75F,1879.3968,1679.448,-73.92863676000641,7.352951671418606
CANT-2,YNC-FM_LID_SUP,6166.0,6166.0,-5938.5,1016436.9,1304862.25,#CCE968,1879.3968,1879.3968,-73.92863676000641,7.352951671418606
CANT-6,YNC-FM_COLORADO,2245.0,2245.0,-2022.2,1016900.26,1305317.82,#FEE6AA,684.2760000000001,0.0,-73.92443864668874,7.3570696017758666
CANT-6,YNC-BASE_LA_CIRA_SHALE,2358.0,2358.0,-2135.2,1016900.26,1305317.82,#FFE619,718.7184000000001,684.2760000000001,-73.92443864668874,7.3570696017758666
CANT-6,YNC-FM_MUGROSA,3918.0,3918.0,-3695.2,1016900.26,1305317.82,#FED99A,1194.2064,718.7184000000001,-73.92443864668874,7.3570696017758666
CANT-6,YNC-HORIZONTE_FOSILIFERO_DE_MUGROSA,3918.0,3918.0,-3695.2,1016900.26,1305317.82,#FED99A,1194.2064,1194.2064,-73.92443864668874,7.3570696017758666
CANT-6,YNC-BASE_HORIZONTE_FOSILIFERO_DE_MUGROSA,3983.0,3983.0,-3760.2,1016900.26,1305317.82,#FED99A,1214.0184000000002,1194.2064,-73.92443864668874,7.3570696017758666
CANT-6,YNC-FM_ESMERALDA-LA_PAZ,6126.0,6126.0,-5903.2,1016900.26,1305317.82,#FDCDA1,1867.2048,1214.0184000000002,-73.92443864668874,7.3570696017758666
CANT-6,YNC-DISCORDANCIA_DEL_EOCENO,7225.0,7225.0,-7002.2,1016900.26,1305317.82,#FDA75F,2202.1800000000003,1867.2048,-73.92443864668874,7.3570696017758666
CANT-6,YNC-FM_LID_SUP,7225.0,7225.0,-7002.2,1016900.26,1305317.82,#CCE968,2202.1800000000003,2202.1800000000003,-73.92443864668874,7.3570696017758666
FLAM-2,YNC-FM_COLORADO,3281.7,3156.1,-2929.0,1023531.761,1317452.726,#FEE6AA,1000.26216,0.0,-73.86432321256049,7.466770346590208
FLAM-2,YNC-BASE_LA_CIRA_SHALE,3359.6,3218.9,-2991.8,1023543.975,1317459.626,#FFE619,1024.00608,1000.26216,-73.86421253077661,7.466832683653419
FLAM-2,YNC-FM_MUGROSA,5508.6,4954.9,-4727.8,1023887.516,1317635.673,#FED99A,1679.0212800000002,1024.00608,-73.86109947153632,7.46842300378783
FLAM-2,YNC-BASE_HORIZONTE_FOSILIFERO_DE_MUGROSA,5551.6,4989.8,-4762.7,1023894.375,1317639.076,#FED99A,1692.1276800000005,1679.0212800000002,-73.86103731773395,7.46845374358672
FLAM-2,YNC-FM_ESMERALDA-LA_PAZ,8017.8,7048.7,-6821.6,1024260.926,1317821.695,#FDCDA1,2443.82544,1692.1276800000005,-73.85771574801281,7.470103361484231
FLAM-2,YNC-DISCORDANCIA_DEL_EOCENO,9454.0,8445.0,-8217.9,1024350.065,1317866.111,#FDA75F,2881.5792,2443.82544,-73.85690799475718,7.470504572341497
FLAM-2,YNC-FM_LID_SUP,9454.0,8445.0,-8217.9,1024350.065,1317866.111,#CCE968,2881.5792,2881.5792,-73.85690799475718,7.470504572341497
FLAM-3,YNC-FM_COLORADO,3235.8,3117.3,-2890.2,1023286.112,1317206.845,#FEE6AA,986.27184,0.0,-73.86654971157338,7.464548134385269
FLAM-3,YNC-LA_CIRA_SHALE,3237.5,3118.6,-2891.5,1023285.973,1317206.603,#FFE619,986.79,986.27184,-73.86655097187284,7.4645459467981485
FLAM-3,YNC-BASE_LA_CIRA_SHALE,3362.8,3222.7,-2995.6,1023275.384,1317188.143,#FFE619,1024.98144,986.79,-73.86664698137263,7.464379075410045
FLAM-3,YNC-HORIZONTE_FOSILIFERO_DE_MUGROSA,5524.9,4876.3,-4649.2,1023064.287,1316820.142,#FED99A,1683.98952,1024.98144,-73.86856096319798,7.4610524811346295
FLAM-3,YNC-FM_MUGROSA,5528.2,4878.8,-4651.7,1023063.962,1316819.576,#FED99A,1684.99536,1683.98952,-73.8685639098945,7.461047364695902
FLAM-3,YNC-BASE_HORIZONTE_FOSILIFERO_DE_MUGROSA,5593.8,4928.6,-4701.5,1023057.48,1316808.276,#FED99A,1704.99024,1684.99536,-73.86862268065762,7.460945216681648
FLAM-3,YNC-FM_ESMERALDA-LA_PAZ,8251.7,6945.5,-6718.4,1022794.931,1316350.581,#FDCDA1,2515.1181600000004,1704.99024,-73.87100312713513,7.456807807734803
FLAM-3,YNC-DISCORDANCIA_DEL_EOCENO,10132.0,8372.3,-8145.2,1022609.202,1316026.803,#FDA75F,3088.2336,2515.1181600000004,-73.87268704420727,7.453880954504223
FLAM-3,YNC-FM_SH_MEDIO,10132.0,8372.3,-8145.2,1022609.202,1316026.803,#CCE968,3088.2336,3088.2336,-73.87268704420727,7.453880954504223
GALA-10,YNC-FM_COLORADO,2701.0,2701.0,-2388.0,1024054.977,1280162.578,#FEE6AA,823.2648,0.0,-73.8597462951035,7.129584426272269
GALA-10,YNC-BASE_LA_CIRA_SHALE,2815.0,2815.0,-2502.0,1024054.977,1280162.578,#FFE619,858.0120000000001,823.2648,-73.8597462951035,7.129584426272269
GALA-10,YNC-FM_MUGROSA,5077.0,5077.0,-4764.0,1024054.977,1280162.578,#FED99A,1547.4696,858.0120000000001,-73.8597462951035,7.129584426272269
GALA-10,YNC-BASE_HORIZONTE_FOSILIFERO_DE_MUGROSA,5172.0,5172.0,-4859.0,1024054.977,1280162.578,#FED99A,1576.4256,1547.4696,-73.8597462951035,7.129584426272269
GALA-10,YNC-FM_ESMERALDA-LA_PAZ,7021.0,7021.0,-6708.0,1024054.977,1280162.578,#FDCDA1,2140.0008000000003,1576.4256,-73.8597462951035,7.129584426272269
GALA-10,YNC-DISCORDANCIA_DEL_EOCENO,7610.0,7610.0,-7297.0,1024054.977,1280162.578,#FDA75F,2319.528,2140.0008000000003,-73.8597462951035,7.129584426272269
GALA-10,YNC-FM_UMIR,7610.0,7610.0,-7297.0,1024054.977,1280162.578,#F2FA8C,2319.528,2319.528,-73.8597462951035,7.129584426272269
GALA-10,YNC-FM_LID_SUP,7798.0,7798.0,-7485.0,1024054.977,1280162.578,#CCE968,2376.8304000000003,2319.528,-73.8597462951035,7.129584426272269
GALA-12,YNC-FM_COLORADO,2626.0,2626.0,-2360.0,1024571.0,1280771.0,#FEE6AA,800.4048,0.0,-73.85507228114854,7.13508369101172
GALA-12,YNC-BASE_LA_CIRA_SHALE,2752.0,2752.0,-2486.0,1024569.0,1280771.0,#FFE619,838.8096,800.4048,-73.85509038659752,7.135083699731889
GALA-12,YNC-FM_MUGROSA,5423.0,5256.0,-4990.0,1024302.0,1280737.0,#FED99A,1652.9304000000002,838.8096,-73.85750761103426,7.134777421793522
GALA-12,YNC-BASE_HORIZONTE_FOSILIFERO_DE_MUGROSA,5514.0,5340.0,-5074.0,1024292.0,1280736.0,#FED99A,1680.6672,1652.9304000000002,-73.8575981425498,7.134768422681214
GALA-12,YNC-FM_ESMERALDA-LA_PAZ,7539.0,7176.0,-6910.0,1024034.0,1280704.0,#FDCDA1,2297.8872,1680.6672,-73.85993388108511,7.134480177594128
GALA-12,YNC-DISCORDANCIA_DEL_EOCENO,7910.0,7506.0,-7240.0,1023983.0,1280696.0,#FDA75F,2410.9680000000003,2297.8872,-73.86039560367183,7.134408057028951
GALA-12,YNC-FM_LID_SUP,7910.0,7506.0,-7240.0,1023983.0,1280696.0,#CCE968,2410.9680000000003,2410.9680000000003,-73.86039560367183,7.134408057028951
GALA-16,YNC-FM_COLORADO,2797.0,2778.5,-2490.2,1023437.677,1279605.196,#FEE6AA,852.5256,0.0,-73.86533679632433,7.124547046761394
GALA-16,YNC-BASE_LA_CIRA_SHALE,3049.0,3022.8,-2734.5,1023418.993,1279602.718,#FFE619,929.3352,852.5256,-73.86550594397475,7.124524717664377
GALA-16,YNC-FM_MUGROSA,5353.0,5283.3,-4995.0,1023290.081,1279588.209,#FED99A,1631.5944000000002,929.3352,-73.86667298286935,7.124394057322045
GALA-16,YNC-BASE_HORIZONTE_FOSILIFERO_DE_MUGROSA,5439.0,5369.3,-5081.0,1023289.374,1279588.145,#FED99A,1657.8072000000002,1631.5944000000002,-73.86667938326651,7.124393481536455
GALA-16,YNC-FM_ESMERALDA-LA_PAZ,7335.0,7265.2,-6976.9,1023289.649,1279587.118,#FDCDA1,2235.708,1657.8072000000002,-73.86667689806595,7.124384194024946
GALA-16,YNC-DISCORDANCIA_DEL_EOCENO,7796.0,7726.2,-7437.9,1023290.651,1279586.035,#FDA75F,2376.2208,2235.708,-73.8666678319139,7.124374397148054
GALA-16,YNC-FM_LID_SUP,7796.0,7726.2,-7437.9,1023290.651,1279586.035,#CCE968,2376.2208,2376.2208,-73.8666678319139,7.124374397148054
GALA-17,YNC-FM_COLORADO,2724.0,2651.5,-2392.5,1024473.859,1280866.73,#FEE6AA,830.2752,0.0,-73.85595125561868,7.1359497259856965
GALA-17,YNC-BASE_LA_CIRA_SHALE,2855.0,2772.1,-2513.1,1024461.958,1280876.832,#FFE619,870.2040000000001,830.2752,-73.85605894839364,7.136041122226984
GALA-17,YNC-FM_MUGROSA,5514.0,5273.8,-5014.8,1024250.694,1281044.529,#FED99A,1680.6672,870.2040000000001,-73.8579707447218,7.13755838968867
GALA-17,YNC-BASE_HORIZONTE_FOSILIFERO_DE_MUGROSA,5631.0,5389.0,-5130.0,1024245.87,1281048.43,#FED99A,1716.3288,1680.6672,-73.85801439849817,7.137593684177202
GALA-17,YNC-FM_ESMERALDA-LA_PAZ,7655.0,7395.5,-7136.5,1024183.769,1281099.325,#FDCDA1,2333.244,1716.3288,-73.85857636616973,7.138054155228113
GALA-17,YNC-DISCORDANCIA_DEL_EOCENO,7904.0,7642.1,-7383.1,1024176.0,1281106.599,#FDA75F,2409.1392,2333.244,-73.85864666600025,7.138119961731046
GALA-17,YNC-FM_LID_SUP,7904.0,7642.1,-7383.1,1024175.999,1281106.6,#CCE968,2409.1392,2409.1392,-73.85864667504875,7.1381199707775655
GALA-1X,YNC-FM_COLORADO,2724.0,2724.0,-2472.8,1023719.127,1280663.164,#FEE6AA,830.2752,0.0,-73.86278450914182,7.134112263096875
GALA-1X,YNC-BASE_LA_CIRA_SHALE,2825.0,2825.0,-2573.8,1023719.127,1280663.164,#FFE619,861.0600000000001,830.2752,-73.86278450914182,7.134112263096875
GALA-1X,YNC-FM_MUGROSA,5296.0,5296.0,-5044.8,1023719.127,1280663.164,#FED99A,1614.2208,861.0600000000001,-73.86278450914182,7.134112263096875
GALA-1X,YNC-BASE_HORIZONTE_FOSILIFERO_DE_MUGROSA,5387.0,5387.0,-5135.8,1023719.127,1280663.164,#FED99A,1641.9576000000002,1614.2208,-73.86278450914182,7.134112263096875
GALA-1X,YNC-FM_ESMERALDA-LA_PAZ,6760.0,6760.0,-6508.8,1023719.127,1280663.164,#FDCDA1,2060.4480000000003,1641.9576000000002,-73.86278450914182,7.134112263096875
GALA-1X,YNC-DISCORDANCIA_DEL_EOCENO,7201.0,7201.0,-6949.8,1023719.127,1280663.164,#FDA75F,2194.8648000000003,2060.4480000000003,-73.86278450914182,7.134112263096875
GALA-1X,YNC-FM_LID_SUP,7201.0,7201.0,-6949.8,1023719.127,1280663.164,#CCE968,2194.8648000000003,2194.8648000000003,-73.86278450914182,7.134112263096875
GALA-1X,YNC-FM_SH_MEDIO,7513.0,7513.0,-7261.8,1023719.127,1280663.164,#CCE968,2289.9624,2194.8648000000003,-73.86278450914182,7.134112263096875
GALA-1X,YNC-FM_LID_INF,7838.0,7838.0,-7586.8,1023719.127,1280663.164,#CCE968,2389.0224000000003,2289.9624,-73.86278450914182,7.134112263096875
GALA-2,YNC-FM_COLORADO,2681.0,2681.0,-2391.5,1024359.346,1280143.26,#FEE6AA,817.1688,0.0,-73.85699104220147,7.129408442042184
GALA-2,YNC-BASE_LA_CIRA_SHALE,2803.0,2803.0,-2513.5,1024359.346,1280143.26,#FFE619,854.3544,817.1688,-73.85699104220147,7.129408442042184
GALA-2,YNC-FM_MUGROSA,5109.0,5109.0,-4819.5,1024359.346,1280143.26,#FED99A,1557.2232,854.3544,-73.85699104220147,7.129408442042184
GALA-2,YNC-BASE_HORIZONTE_FOSILIFERO_DE_MUGROSA,5195.0,5195.0,-4905.5,1024359.346,1280143.26,#FED99A,1583.436,1557.2232,-73.85699104220147,7.129408442042184
GALA-2,YNC-FM_ESMERALDA-LA_PAZ,7022.0,7022.0,-6732.5,1024359.346,1280143.26,#FDCDA1,2140.3056,1583.436,-73.85699104220147,7.129408442042184
GALA-2,YNC-DISCORDANCIA_DEL_EOCENO,7717.0,7717.0,-7427.5,1024359.346,1280143.26,#FDA75F,2352.1416,2140.3056,-73.85699104220147,7.129408442042184
GALA-2,YNC-FM_UMIR,7717.0,7717.0,-7427.5,1024359.346,1280143.26,#F2FA8C,2352.1416,2352.1416,-73.85699104220147,7.129408442042184
GALA-2,YNC-FM_LID_SUP,8106.0,8106.0,-7816.5,1024359.346,1280143.26,#CCE968,2470.7088000000003,2352.1416,-73.85699104220147,7.129408442042184
GALA-2,YNC-FM_SH_MEDIO,8623.0,8623.0,-8333.5,1024359.346,1280143.26,#CCE968,2628.2904000000003,2470.7088000000003,-73.85699104220147,7.129408442042184
GALA-2,YNC-FM_LID_INF,8914.0,8914.0,-8624.5,1024359.346,1280143.26,#CCE968,2716.9872,2628.2904000000003,-73.85699104220147,7.129408442042184
GALA-5,YNC-FM_COLORADO,2673.0,2673.0,-2382.0,1024031.775,1280449.007,#FEE6AA,814.7304,0.0,-73.85995511180184,7.132174482025818
GALA-5,YNC-BASE_LA_CIRA_SHALE,2803.0,2803.0,-2512.0,1024031.775,1280449.007,#FFE619,854.3544,814.7304,-73.85995511180184,7.132174482025818
GALA-5,YNC-FM_MUGROSA,5317.0,5317.0,-5026.0,1024031.775,1280449.007,#FED99A,1620.6216000000002,854.3544,-73.85995511180184,7.132174482025818
GALA-5,YNC-BASE_HORIZONTE_FOSILIFERO_DE_MUGROSA,5423.0,5423.0,-5132.0,1024031.775,1280449.007,#FED99A,1652.9304000000002,1620.6216000000002,-73.85995511180184,7.132174482025818
GALA-5,YNC-FM_ESMERALDA-LA_PAZ,6991.0,6991.0,-6700.0,1024031.775,1280449.007,#FDCDA1,2130.8568,1652.9304000000002,-73.85995511180184,7.132174482025818
GALA-5,YNC-DISCORDANCIA_DEL_EOCENO,7615.0,7615.0,-7324.0,1024031.775,1280449.007,#FDA75F,2321.052,2130.8568,-73.85995511180184,7.132174482025818
GALA-5,YNC-FM_LID_SUP,7615.0,7615.0,-7324.0,1024031.775,1280449.007,#CCE968,2321.052,2321.052,-73.85995511180184,7.132174482025818
GARZ-7,YNC-FM_COLORADO,3177.0,3176.7,-2967.4,1026070.868,1321702.591,#FEE6AA,968.3496,0.0,-73.84129975875881,7.505186249087864
GARZ-7,YNC-BASE_LA_CIRA_SHALE,3486.5,3486.2,-3276.9,1026071.171,1321701.752,#FFE619,1062.6852,968.3496,-73.84129701761722,7.505178661317366
GARZ-7,YNC-FM_MUGROSA,5042.0,5041.5,-4832.2,1026072.061,1321699.168,#FED99A,1536.8016,1062.6852,-73.8412889666633,7.505155292279722
GARZ-7,YNC-FM_ESMERALDA-LA_PAZ,6715.0,6653.5,-6444.2,1026152.801,1321788.116,#FDCDA1,2046.732,1536.8016,-73.84055701236488,7.505959172354364
GARZ-7,YNC-DISCORDANCIA_DEL_EOCENO,7114.0,6999.9,-6790.6,1026193.515,1321832.618,#FDA75F,2168.3472,2046.732,-73.84018791735677,7.506361363386862
GARZ-7,YNC-FM_UMIR,7114.0,6999.9,-6790.6,1026193.515,1321832.618,#F2FA8C,2168.3472,2168.3472,-73.84018791735677,7.506361363386862
GARZ-7,YNC-FM_LID_SUP,7872.0,7649.1,-7439.7,1026271.521,1321922.803,#CCE968,2399.3856,2168.3472,-73.83948072356846,7.507176439911701
LLAN-13,YNC-FM_COLORADO,2784.0,2784.0,-2461.9,1026020.836,1282104.279,#FEE6AA,848.5632,0.0,-73.84194115240903,7.147132977522718
LLAN-13,YNC-BASE_LA_CIRA_SHALE,2882.0,2882.0,-2559.9,1026020.836,1282104.279,#FFE619,878.4336000000001,848.5632,-73.84194115240903,7.147132977522718
LLAN-13,YNC-FM_MUGROSA,5332.0,5332.0,-5009.9,1026020.836,1282104.279,#FED99A,1625.1936,878.4336000000001,-73.84194115240903,7.147132977522718
LLAN-13,YNC-FM_ESMERALDA-LA_PAZ,7432.0,7432.0,-7109.9,1026020.836,1282104.279,#FDCDA1,2265.2736,1625.1936,-73.84194115240903,7.147132977522718
LLAN-13,YNC-DISCORDANCIA_DEL_EOCENO,7870.0,7870.0,-7547.9,1026020.836,1282104.279,#FDA75F,2398.7760000000003,2265.2736,-73.84194115240903,7.147132977522718
LLAN-13,YNC-FM_LID_SUP,7870.0,7870.0,-7547.9,1026020.836,1282104.279,#CCE968,2398.7760000000003,2398.7760000000003,-73.84194115240903,7.147132977522718
LLAN-14,YNC-FM_COLORADO,2646.0,2646.0,-2399.5,1026458.854,1283620.274,#FEE6AA,806.5008,0.0,-73.83796865094496,7.160838874788502
LLAN-14,YNC-BASE_LA_CIRA_SHALE,2749.0,2749.0,-2502.5,1026458.854,1283620.274,#FFE619,837.8952,806.5008,-73.83796865094496,7.160838874788502
LLAN-14,YNC-FM_MUGROSA,5291.0,5291.0,-5044.5,1026458.854,1283620.274,#FED99A,1612.6968000000002,837.8952,-73.83796865094496,7.160838874788502
LLAN-14,YNC-BASE_HORIZONTE_FOSILIFERO_DE_MUGROSA,5365.0,5365.0,-5118.5,1026458.854,1283620.274,#FED99A,1635.2520000000002,1612.6968000000002,-73.83796865094496,7.160838874788502
LLAN-14,YNC-FM_ESMERALDA-LA_PAZ,7211.0,7211.0,-6964.5,1026458.854,1283620.274,#FDCDA1,2197.9128,1635.2520000000002,-73.83796865094496,7.160838874788502
LLAN-14,YNC-DISCORDANCIA_DEL_EOCENO,7518.0,7518.0,-7271.5,1026458.854,1283620.274,#FDA75F,2291.4864,2197.9128,-73.83796865094496,7.160838874788502
LLAN-14,YNC-FM_LID_SUP,7521.0,7521.0,-7274.5,1026458.854,1283620.274,#CCE968,2292.4008,2291.4864,-73.83796865094496,7.160838874788502
LLAN-16,YNC-FM_COLORADO,2644.0,2644.0,-2393.4,1027123.023,1283796.76,#FEE6AA,805.8912,0.0,-73.8319549302187,7.162431527355895
LLAN-16,YNC-BASE_LA_CIRA_SHALE,2767.0,2767.0,-2516.4,1027123.023,1283796.76,#FFE619,843.3816,805.8912,-73.8319549302187,7.162431527355895
LLAN-16,YNC-FM_MUGROSA,5399.0,5399.0,-5148.4,1027123.023,1283796.76,#FED99A,1645.6152000000002,843.3816,-73.8319549302187,7.162431527355895
LLAN-16,YNC-BASE_HORIZONTE_FOSILIFERO_DE_MUGROSA,5474.0,5474.0,-5223.4,1027123.023,1283796.76,#FED99A,1668.4752,1645.6152000000002,-73.8319549302187,7.162431527355895
LLAN-16,YNC-FM_ESMERALDA-LA_PAZ,7170.0,7170.0,-6919.4,1027123.023,1283796.76,#FDCDA1,2185.416,1668.4752,-73.8319549302187,7.162431527355895
LLAN-16,YNC-DISCORDANCIA_DEL_EOCENO,7694.0,7694.0,-7443.4,1027123.023,1283796.76,#FDA75F,2345.1312000000003,2185.416,-73.8319549302187,7.162431527355895
LLAN-16,YNC-FM_LID_SUP,7695.0,7695.0,-7444.4,1027123.023,1283796.76,#CCE968,2345.436,2345.1312000000003,-73.8319549302187,7.162431527355895
LLAN-6,YNC-FM_COLORADO,3037.0,3037.0,-2759.4,1030265.963,1287634.264,#FEE6AA,925.6776,0.0,-73.80348038035605,7.197114833425492
LLAN-6,YNC-BASE_LA_CIRA_SHALE,3138.0,3138.0,-2860.4,1030265.963,1287634.264,#FFE619,956.4624,925.6776,-73.80348038035605,7.197114833425492
LLAN-6,YNC-FM_MUGROSA,5741.0,5741.0,-5463.4,1030265.963,1287634.264,#FED99A,1749.8568,956.4624,-73.80348038035605,7.197114833425492
LLAN-6,YNC-BASE_HORIZONTE_FOSILIFERO_DE_MUGROSA,5790.0,5790.0,-5512.4,1030265.963,1287634.264,#FED99A,1764.792,1749.8568,-73.80348038035605,7.197114833425492
LLAN-6,YNC-FM_ESMERALDA-LA_PAZ,7738.0,7738.0,-7460.4,1030265.963,1287634.264,#FDCDA1,2358.5424000000003,1764.792,-73.80348038035605,7.197114833425492
LLAN-6,YNC-DISCORDANCIA_DEL_EOCENO,8378.0,8378.0,-8100.4,1030265.963,1287634.264,#FDA75F,2553.6144,2358.5424000000003,-73.80348038035605,7.197114833425492
LLAN-6,YNC-FM_LID_SUP,8378.2,8378.2,-8100.5,1030265.963,1287634.264,#CCE968,2553.67536,2553.6144,-73.80348038035605,7.197114833425492
LLAN-79,YNC-FM_COLORADO,2666.0,2666.0,-2365.7,1026197.545,1283234.849,#FEE6AA,812.5968,0.0,-73.84033613922378,7.157355007702476
LLAN-79,YNC-BASE_LA_CIRA_SHALE,2775.0,2775.0,-2474.7,1026197.545,1283234.849,#FFE619,845.82,812.5968,-73.84033613922378,7.157355007702476
LLAN-79,YNC-FM_MUGROSA,5376.0,5376.0,-5075.7,1026197.545,1283234.849,#FED99A,1638.6048,845.82,-73.84033613922378,7.157355007702476
LLAN-79,YNC-BASE_HORIZONTE_FOSILIFERO_DE_MUGROSA,5410.0,5410.0,-5109.7,1026197.545,1283234.849,#FED99A,1648.968,1638.6048,-73.84033613922378,7.157355007702476
LLAN-79,YNC-FM_ESMERALDA-LA_PAZ,7361.0,7361.0,-7060.7,1026197.545,1283234.849,#FDCDA1,2243.6328000000003,1648.968,-73.84033613922378,7.157355007702476
LLAN-79,YNC-DISCORDANCIA_DEL_EOCENO,7526.0,7526.0,-7225.7,1026197.545,1283234.849,#FDA75F,2293.9248,2243.6328000000003,-73.84033613922378,7.157355007702476
LLAN-79,YNC-FM_LID_SUP,7526.0,7526.0,-7225.7,1026197.545,1283234.849,#CCE968,2293.9248,2293.9248,-73.84033613922378,7.157355007702476
LLAN-79,YNC-FM_SH_MEDIO,7835.0,7835.0,-7534.7,1026197.545,1283234.849,#CCE968,2388.108,2293.9248,-73.84033613922378,7.157355007702476
LLAN-79,YNC-FM_LID_INF,8100.0,8100.0,-7799.7,1026197.545,1283234.849,#CCE968,2468.88,2388.108,-73.84033613922378,7.157355007702476
LLAN-80,YNC-FM_COLORADO,2694.0,2609.7,-2382.8,1027351.414,1283426.11,#FEE6AA,821.1312,0.0,-73.82988905779607,7.159078928226287
LLAN-80,YNC-BASE_LA_CIRA_SHALE,2843.0,2753.1,-2526.2,1027339.111,1283425.352,#FFE619,866.5464000000001,821.1312,-73.83000044276852,7.159072134143008
LLAN-80,YNC-FM_MUGROSA,5409.0,5263.8,-5036.9,1027184.866,1283431.863,#FED99A,1648.6632000000002,866.5464000000001,-73.8313968190798,7.159131756648416
LLAN-80,YNC-BASE_HORIZONTE_FOSILIFERO_DE_MUGROSA,5505.0,5359.6,-5132.7,1027183.178,1283431.801,#FED99A,1677.924,1648.6632000000002,-73.83141210115215,7.159131204202546
LLAN-80,YNC-FM_ESMERALDA-LA_PAZ,7275.0,7129.1,-6902.2,1027174.022,1283431.113,#FDCDA1,2217.42,1677.924,-73.83149499542351,7.159125027478264
LLAN-80,YNC-DISCORDANCIA_DEL_EOCENO,7910.0,7764.0,-7537.1,1027170.636,1283430.577,#FDA75F,2410.9680000000003,2217.42,-73.83152565209525,7.159120197241256
LLAN-80,YNC-FM_LID_SUP,7910.0,7764.0,-7537.1,1027170.636,1283430.577,#CCE968,2410.9680000000003,2410.9680000000003,-73.83152565209525,7.159120197241256
LLAN-81,YNC-FM_COLORADO,2846.0,2846.0,-2533.7,1025905.86,1282468.839,#FEE6AA,867.4608000000001,0.0,-73.84298034360008,7.150429937022275
LLAN-81,YNC-BASE_LA_CIRA_SHALE,2964.0,2964.0,-2651.7,1025905.86,1282468.839,#FFE619,903.4272,867.4608000000001,-73.84298034360008,7.150429937022275
LLAN-81,YNC-FM_MUGROSA,5608.0,5608.0,-5295.7,1025905.86,1282468.839,#FED99A,1709.3184,903.4272,-73.84298034360008,7.150429937022275
LLAN-81,YNC-BASE_HORIZONTE_FOSILIFERO_DE_MUGROSA,5671.0,5671.0,-5358.7,1025905.86,1282468.839,#FED99A,1728.5208,1709.3184,-73.84298034360008,7.150429937022275
LLAN-81,YNC-FM_ESMERALDA-LA_PAZ,7147.0,7147.0,-6834.7,1025905.86,1282468.839,#FDCDA1,2178.4056,1728.5208,-73.84298034360008,7.150429937022275
LLAN-81,YNC-DISCORDANCIA_DEL_EOCENO,7681.0,7681.0,-7368.7,1025905.86,1282468.839,#FDA75F,2341.1688,2178.4056,-73.84298034360008,7.150429937022275
LLAN-81,YNC-FM_LID_SUP,7681.0,7681.0,-7368.7,1025905.86,1282468.839,#CCE968,2341.1688,2341.1688,-73.84298034360008,7.150429937022275
LLAN-9,YNC-FM_COLORADO,2651.0,2651.0,-2314.7,1026532.411,1283092.891,#FEE6AA,808.0248,0.0,-73.83730521754754,7.156069822673925
LLAN-9,YNC-FM_MUGROSA,5318.8,5318.8,-4982.5,1026532.411,1283092.891,#FED99A,1621.17024,808.0248,-73.83730521754754,7.156069822673925
LLAN-9,YNC-FM_ESMERALDA-LA_PAZ,7273.0,7273.0,-6936.7,1026532.411,1283092.891,#FDCDA1,2216.8104000000003,1621.17024,-73.83730521754754,7.156069822673925
LLAN-9,YNC-DISCORDANCIA_DEL_EOCENO,7716.0,7716.0,-7379.7,1026532.411,1283092.891,#FDA75F,2351.8368,2216.8104000000003,-73.83730521754754,7.156069822673925
LLAN-9,YNC-FM_LID_SUP,7716.0,7716.0,-7379.7,1026532.411,1283092.891,#CCE968,2351.8368,2351.8368,-73.83730521754754,7.156069822673925
LLAN-96,YNC-FM_COLORADO,2735.0,2735.0,-2431.2,1026186.592,1282831.723,#FEE6AA,833.628,0.0,-73.84043717941105,7.153709909691687
LLAN-96,YNC-BASE_LA_CIRA_SHALE,2860.0,2860.0,-2556.2,1026186.592,1282831.723,#FFE619,871.7280000000001,833.628,-73.84043717941105,7.153709909691687
LLAN-96,YNC-FM_MUGROSA,5410.0,5410.0,-5106.2,1026186.592,1282831.723,#FED99A,1648.968,871.7280000000001,-73.84043717941105,7.153709909691687
LLAN-96,YNC-BASE_HORIZONTE_FOSILIFERO_DE_MUGROSA,5460.0,5460.0,-5156.2,1026186.592,1282831.723,#FED99A,1664.208,1648.968,-73.84043717941105,7.153709909691687
LLAN-96,YNC-FM_ESMERALDA-LA_PAZ,7429.0,7429.0,-7125.2,1026186.592,1282831.723,#FDCDA1,2264.3592000000003,1664.208,-73.84043717941105,7.153709909691687
LLAN-96,YNC-DISCORDANCIA_DEL_EOCENO,7675.0,7675.0,-7371.2,1026186.592,1282831.723,#FDA75F,2339.34,2264.3592000000003,-73.84043717941105,7.153709909691687
LLAN-96,YNC-FM_UMIR,7675.0,7675.0,-7371.2,1026186.592,1282831.723,#F2FA8C,2339.34,2339.34,-73.84043717941105,7.153709909691687
LLAN-96,YNC-FM_LID_SUP,7705.0,7705.0,-7401.2,1026186.592,1282831.723,#CCE968,2348.484,2339.34,-73.84043717941105,7.153709909691687
PATURIA-1,YNC-GRUPO REAL,0.0,0.0,207.99959,1021207.33714854,1317915.99588681,#FFFF00,0.0,0.0,-73.88537928895077,7.4709689440820135
PATURIA-1,YNC-FM_COLORADO,2438.4,2438.4,-2230.4004,1021207.33714854,1317915.99588681,#FEE6AA,743.22432,0.0,-73.88537928895077,7.4709689440820135
PATURIA-1,YNC-FM_MUGROSA,3958.0,3958.0,-3750.0005,1021207.33714854,1317915.99588681,#FED99A,1206.3984,743.22432,-73.88537928895077,7.4709689440820135
PATURIA-1,YNC-DISCORDANCIA_DEL_EOCENO,5770.0,5770.0,-5562.0005,1021207.33714854,1317915.99588681,#FDA75F,1758.696,1206.3984,-73.88537928895077,7.4709689440820135
PATURIA-1,YNC-FM_LID_SUP,5770.0,5770.0,-5562.0005,1021207.33714854,1317915.99588681,#CCE968,1758.696,1758.696,-73.88537928895077,7.4709689440820135
PATURIA-1,YNC-FM_SH_MEDIO,6154.0,6154.0,-5946.0005,1021207.33714854,1317915.99588681,#CCE968,1875.7392,1758.696,-73.88537928895077,7.4709689440820135
PATURIA-1,YNC-FM_LID_INF,6589.0,6589.0,-6381.0005,1021207.33714854,1317915.99588681,#CCE968,2008.3272,1875.7392,-73.88537928895077,7.4709689440820135
PATURIA-1,YNC-MB_GALEMBO,6731.0,6731.0,-6523.0005,1021207.33714854,1317915.99588681,#E6F47F,2051.6088,2008.3272,-73.88537928895077,7.4709689440820135
PATURIA-1,YNC-MB_PUJAMANA,7123.0,7123.0,-6915.0005,1021207.33714854,1317915.99588681,#CCE968,2171.0904,2051.6088,-73.88537928895077,7.4709689440820135
PATURIA-1,YNC-MB_SALADA,7579.0,7579.0,-7371.0005,1021207.33714854,1317915.99588681,#BFE35D,2310.0792,2171.0904,-73.88537928895077,7.4709689440820135
PATURIA-1,YNC-FM_SIMITI,7955.0,7955.0,-7747.0005,1021207.33714854,1317915.99588681,#B3DE53,2424.684,2310.0792,-73.88537928895077,7.4709689440820135
YARI-117,YNC-GRUPO REAL,202.0,202.0,36.0,1017459.0,1306233.0,#FFFF00,61.5696,0.0,-73.91937510081611,7.365343057410471
YARI-117,YNC-FM_COLORADO,2360.0,2357.0,-2118.0,1017442.0,1306226.0,#FEE6AA,719.3280000000001,61.5696,-73.91952909830506,7.3652798165964715
YARI-117,YNC-BASE_LA_CIRA_SHALE,2489.0,2484.0,-2245.0,1017436.0,1306223.0,#FFE619,758.6472,719.3280000000001,-73.91958345204408,7.365252709266228
YARI-117,YNC-FM_MUGROSA,3923.0,3890.0,-3652.0,1017357.0,1306191.0,#FED99A,1195.7304,758.6472,-73.92029908510906,7.36496361171532
YARI-117,YNC-FM_ESMERALDA-LA_PAZ,6010.0,5972.0,-5733.0,1017328.0,1306177.0,#FDCDA1,1831.848,1195.7304,-73.9205617927927,7.36483711351157
YARI-117,YNC-DISCORDANCIA_DEL_EOCENO,7790.0,7751.0,-7513.0,1017322.0,1306178.0,#FDA75F,2374.3920000000003,1831.848,-73.92061613370021,7.364846174726815
YARI-117,YNC-FM_LID_SUP,7790.0,7751.0,-7513.0,1017322.0,1306178.0,#CCE968,2374.3920000000003,2374.3920000000003,-73.92061613370021,7.364846174726815
YARI-117,YNC-FM_SH_MEDIO,7933.0,7894.0,-7655.0,1017320.0,1306179.0,#CCE968,2417.9784,2374.3920000000003,-73.9206342452173,7.364855223242749
YARI-119,YNC-LA_CIRA_SHALE,2360.0,2360.0,-2121.0,1017461.0,1306237.0,#FFE619,719.3280000000001,0.0,-73.9193569732811,7.365379219682434
YARI-119,YNC-BASE_LA_CIRA_SHALE,2489.0,2489.0,-2250.0,1017461.0,1306235.0,#FFE619,758.6472,719.3280000000001,-73.91935697969109,7.365361135347036
YARI-119,YNC-FM_COLORADO,2774.0,2772.0,-2534.0,1017460.0,1306229.0,#FEE6AA,845.5152,758.6472,-73.91936605627774,7.365306885540261
YARI-119,YNC-FM_MUGROSA,4670.0,4591.0,-4353.0,1017427.0,1306072.0,#FED99A,1423.4160000000002,845.5152,-73.91966545120388,7.363887370622242
YARI-119,YNC-FM_ESMERALDA-LA_PAZ,6310.0,6200.0,-5961.0,1017408.0,1305983.0,#FDCDA1,1923.288,1423.4160000000002,-73.91983782474243,7.3630826782397465
YARI-119,YNC-DISCORDANCIA_DEL_EOCENO,8052.0,7941.0,-7702.0,1017402.0,1305978.0,#FDA75F,2454.2496,1923.288,-73.91989218457933,7.363037486525559
YARI-119,YNC-FM_LID_SUP,8053.0,7942.0,-7704.0,1017402.0,1305978.0,#CCE968,2454.5544,2454.2496,-73.91989218457933,7.363037486525559
YARI-119,YNC-FM_SH_MEDIO,8198.0,8087.0,-7848.0,1017401.0,1305978.0,#CCE968,2498.7504,2454.5544,-73.91990124189027,7.363037489713251
YARI-122,YNC-GRUPO REAL,202.0,202.0,36.5,1017509.529,1306309.746,#FFFF00,61.5696,0.0,-73.91891719493769,7.3660368456996475
YARI-122,YNC-FM_COLORADO,2215.0,2193.8,-1955.3,1017473.824,1306355.279,#FEE6AA,675.1320000000001,61.5696,-73.9192404423287,7.366448677156588
YARI-122,YNC-LA_CIRA_SHALE,2215.0,2193.8,-1955.3,1017473.824,1306355.279,#FFE619,675.1320000000001,675.1320000000001,-73.9192404423287,7.366448677156588
YARI-122,YNC-BASE_LA_CIRA_SHALE,2306.0,2279.9,-2041.4,1017468.039,1306362.191,#FFE619,702.8688000000001,675.1320000000001,-73.91929281710632,7.366511195139483
YARI-122,YNC-FM_MUGROSA,3881.0,3773.7,-3535.2,1017364.824,1306473.807,#FED99A,1182.9288,702.8688000000001,-73.92022731888954,7.367520775154769
YARI-122,YNC-BASE_HORIZONTE_FOSILIFERO_DE_MUGROSA,3944.0,3833.8,-3595.3,1017360.836,1306477.904,#FED99A,1202.1312,1182.9288,-73.92026342674973,7.367557833605946
YARI-122,YNC-FM_ESMERALDA-LA_PAZ,5626.0,5469.9,-5231.4,1017282.892,1306559.899,#FDCDA1,1714.8048,1202.1312,-73.92096913676676,7.368299493597408
YARI-122,YNC-DISCORDANCIA_DEL_EOCENO,5774.0,5617.6,-5379.1,1017280.848,1306561.987,#FDA75F,1759.9152,1714.8048,-73.92098764350398,7.368318380118098
YARI-122,YNC-FM_UMIR,5774.0,5617.6,-5379.1,1017280.848,1306561.987,#F2FA8C,1759.9152,1759.9152,-73.92098764350398,7.368318380118098
YARI-122,YNC-FM_LID_SUP,6135.0,5978.4,-5739.9,1017278.694,1306564.777,#CCE968,1869.948,1759.9152,-73.92100714433151,7.368343614587852
YARI-40,YNC-FM_COLORADO,2378.0,2378.0,-2150.0,1019412.274,1310814.562,#FEE6AA,724.8144000000001,0.0,-73.90166723595017,7.406763635029182
YARI-40,YNC-FM_MUGROSA,3560.0,3560.0,-3332.0,1019412.274,1310814.562,#FED99A,1085.088,724.8144000000001,-73.90166723595017,7.406763635029182
YARI-40,YNC-DISCORDANCIA_DEL_EOCENO,5680.0,5680.0,-5452.0,1019412.274,1310814.562,#FDA75F,1731.264,1085.088,-73.90166723595017,7.406763635029182
YARI-40,YNC-FM_LID_SUP,5680.0,5680.0,-5452.0,1019412.274,1310814.562,#CCE968,1731.264,1731.264,-73.90166723595017,7.406763635029182
YARI-66D,YNC-FM_COLORADO,2533.0,2533.0,-2281.0005,1016171.388759849,1304596.3821558347,#FEE6AA,772.0584,0.0,-73.93104231236205,7.350548438914563
YARI-66D,YNC-FM_MUGROSA,4207.0,4207.0,-3955.0005,1016171.388759849,1304596.3821558347,#FED99A,1282.2936,772.0584,-73.93104231236205,7.350548438914563
YARI-66D,YNC-FM_ESMERALDA-LA_PAZ,6131.0,6131.0,-5879.0005,1016171.388759849,1304596.3821558347,#FDCDA1,1868.7288,1282.2936,-73.93104231236205,7.350548438914563
YARI-66D,YNC-DISCORDANCIA_DEL_EOCENO,6672.0,6672.0,-6420.0005,1016171.388759849,1304596.3821558347,#FDA75F,2033.6256,1868.7288,-73.93104231236205,7.350548438914563
YARI-66D,YNC-FM_LID_SUP,6672.0,6672.0,-6420.0005,1016171.388759849,1304596.3821558347,#CCE968,2033.6256,2033.6256,-73.93104231236205,7.350548438914563
YARI-66D,YNC-FM_SH_MEDIO,7131.0,7131.0,-6879.0005,1016171.388759849,1304596.3821558347,#CCE968,2173.5288,2033.6256,-73.93104231236205,7.350548438914563
YARI-66D,YNC-FM_LID_INF,7635.0,7635.0,-7383.0005,1016171.388759849,1304596.3821558347,#CCE968,2327.148,2173.5288,-73.93104231236205,7.350548438914563
YARI-66D,YNC-MB_GALEMBO,7765.0,7765.0,-7513.0005,1016171.388759849,1304596.3821558347,#E6F47F,2366.772,2327.148,-73.93104231236205,7.350548438914563
YARI-66D,YNC-MB_PUJAMANA,8135.0,8135.0,-7883.0005,1016171.388759849,1304596.3821558347,#CCE968,2479.548,2366.772,-73.93104231236205,7.350548438914563
YARI-66D,YNC-MB_SALADA,8653.0,8653.0,-8401.001,1016171.388759849,1304596.3821558347,#BFE35D,2637.4344,2479.548,-73.93104231236205,7.350548438914563
YARI-66D,YNC-FM_SIMITI,9205.0,9205.0,-8953.001,1016171.388759849,1304596.3821558347,#B3DE53,2805.684,2637.4344,-73.93104231236205,7.350548438914563
YARI-97,YNC-GRUPO REAL,202.0,201.98782,38.472187,1016145.756,1303955.79,#FFFF00,61.5696,0.0,-73.93127636362313,7.34475616516884
YARI-97,YNC-FM_COLORADO,2142.0,2140.4,-1899.9,1016131.633,1303948.951,#FEE6AA,652.8816,61.5696,-73.93140429505327,7.344694367340394
YARI-97,YNC-BASE_LA_CIRA_SHALE,2240.0,2238.2,-1997.7,1016129.676,1303949.03,#FFE619,682.7520000000001,652.8816,-73.9314220192596,7.34469508744087
YARI-97,YNC-FM_MUGROSA,3913.0,3908.8,-3668.3,1016104.236,1303942.201,#FED99A,1192.6824,682.7520000000001,-73.9316524480462,7.34463341330496
YARI-97,YNC-BASE_HORIZONTE_FOSILIFERO_DE_MUGROSA,3970.0,3965.7,-3725.2,1016103.165,1303942.025,#FED99A,1210.056,1192.6824,-73.93166214855079,7.344631825032488
YARI-97,YNC-FM_ESMERALDA-LA_PAZ,5908.0,5901.6,-5661.1,1016078.554,1303932.879,#FDCDA1,1800.7584000000002,1210.056,-73.93188507588745,7.344549197602225
YARI-97,YNC-DISCORDANCIA_DEL_EOCENO,6299.0,6292.5,-6052.0,1016076.443,1303932.081,#FDA75F,1919.9352,1800.7584000000002,-73.93190419743853,7.344541988142949
YARI-97,YNC-FM_UMIR,6306.0,6299.5,-6059.0,1016076.4,1303932.065,#F2FA8C,1922.0688,1919.9352,-73.93190458693408,7.344541843594359
YARI-97,YNC-FM_LID_SUP,6483.0,6476.5,-6236.0,1016075.53,1303932.092,#CCE968,1976.0184,1922.0688,-73.93191246639347,7.344542090288794
CANT-18,YNC-BASE_LA_CIRA_SHALE,2166.0,2166.0,-1940.8,1016883.54,1305618.38,#FFE619,660.1968,0.0,-73.92458915240418,7.359787368912692
CANT-18,YNC-FM_LID_SUP,3383.0,3383.0,-3162.0,1014871.994,1304166.313,#CCE968,1031.1384,660.1968,-73.9428121861785,7.346663362780506
CANT-18,YNC-FM_MUGROSA,3717.0,3717.0,-3491.8,1016883.54,1305618.38,#FED99A,1132.9416,1031.1384,-73.92458915240418,7.359787368912692
CANT-18,YNC-BASE_HORIZONTE_FOSILIFERO_DE_MUGROSA,3806.0,3806.0,-3580.8,1016883.54,1305618.38,#FED99A,1160.0688,1132.9416,-73.92458915240418,7.359787368912692
CANT-18,YNC-FM_ESMERALDA-LA_PAZ,5853.0,5853.0,-5627.8,1016883.54,1305618.38,#FDCDA1,1783.9944,1160.0688,-73.92458915240418,7.359787368912692
CANT-18,YNC-DISCORDANCIA_DEL_EOCENO,7000.0,7000.0,-6774.8,1016883.54,1305618.38,#FDA75F,2133.6,1783.9944,-73.92458915240418,7.359787368912692
CANT-18,YNC-FM_LID_SUP,7000.0,7000.0,-6774.8,1016883.54,1305618.38,#CCE968,2133.6,2133.6,-73.92458915240418,7.359787368912692
